Private,Apps,Accept,Enroll,Top10perc,Top25perc,F.Undergrad,P.Undergrad,Outstate,Room.Board,Books,Personal,PhD,Terminal,S.F.Ratio,perc.alumni,Expend,Grad.Rate
Yes,1660.0,1232.0,721.0,23.0,52.0,2885.0,537.0,7440.0,3300.0,450.0,2200.0,70.0,78.0,18.1,12.0,7041.0,60.0
Yes,2186.0,1924.0,512.0,16.0,29.0,2683.0,1227.0,12280.0,6450.0,750.0,1500.0,29.0,30.0,12.2,16.0,10527.0,56.0
Yes,1428.0,1097.0,336.0,22.0,50.0,1036.0,99.0,11250.0,3750.0,400.0,1165.0,53.0,66.0,12.9,30.0,8735.0,54.0
Yes,417.0,349.0,137.0,60.0,89.0,510.0,63.0,12960.0,5450.0,450.0,875.0,92.0,97.0,7.7,37.0,19016.0,59.0
Yes,193.0,146.0,55.0,16.0,44.0,249.0,869.0,7560.0,4120.0,800.0,1500.0,76.0,72.0,11.9,2.0,10922.0,15.0
Yes,587.0,479.0,158.0,38.0,62.0,678.0,41.0,13500.0,3335.0,500.0,675.0,67.0,73.0,9.4,11.0,9727.0,55.0
Yes,353.0,340.0,103.0,17.0,45.0,416.0,230.0,13290.0,5720.0,500.0,1500.0,90.0,93.0,11.5,26.0,8861.0,63.0
Yes,1899.0,1720.0,489.0,37.0,68.0,1594.0,32.0,13868.0,4826.0,450.0,850.0,89.0,100.0,13.7,37.0,11487.0,73.0
Yes,1038.0,839.0,227.0,30.0,63.0,973.0,306.0,15595.0,4400.0,300.0,500.0,79.0,84.0,11.3,23.0,11644.0,80.0
Yes,582.0,498.0,172.0,21.0,44.0,799.0,78.0,10468.0,3380.0,660.0,1800.0,40.0,41.0,11.5,15.0,8991.0,52.0
Yes,1732.0,1425.0,472.0,37.0,75.0,1830.0,110.0,16548.0,5406.0,500.0,600.0,82.0,88.0,11.3,31.0,10932.0,73.0
Yes,2652.0,1900.0,484.0,44.0,77.0,1707.0,44.0,17080.0,4440.0,400.0,600.0,73.0,91.0,9.9,41.0,11711.0,76.0
Yes,1179.0,780.0,290.0,38.0,64.0,1130.0,638.0,9690.0,4785.0,600.0,1e3,60.0,84.0,13.3,21.0,7940.0,74.0
Yes,1267.0,1080.0,385.0,44.0,73.0,1306.0,28.0,12572.0,4552.0,400.0,400.0,79.0,87.0,15.3,32.0,9305.0,68.0
Yes,494.0,313.0,157.0,23.0,46.0,1317.0,1235.0,8352.0,3640.0,650.0,2449.0,36.0,69.0,11.1,26.0,8127.0,55.0
Yes,1420.0,1093.0,220.0,9.0,22.0,1018.0,287.0,8700.0,4780.0,450.0,1400.0,78.0,84.0,14.7,19.0,7355.0,69.0
Yes,4302.0,992.0,418.0,83.0,96.0,1593.0,5.0,19760.0,5300.0,660.0,1598.0,93.0,98.0,8.4,63.0,21424.0,100.0
Yes,1216.0,908.0,423.0,19.0,40.0,1819.0,281.0,10100.0,3520.0,550.0,1100.0,48.0,61.0,12.1,14.0,7994.0,59.0
Yes,1130.0,704.0,322.0,14.0,23.0,1586.0,326.0,9996.0,3090.0,900.0,1320.0,62.0,66.0,11.5,18.0,10908.0,46.0
No,3540.0,2001.0,1016.0,24.0,54.0,4190.0,1512.0,5130.0,3592.0,500.0,2e3,60.0,62.0,23.1,5.0,4010.0,34.0
Yes,713.0,661.0,252.0,25.0,44.0,712.0,23.0,15476.0,3336.0,400.0,1100.0,69.0,82.0,11.3,35.0,42926.0,48.0
No,7313.0,4664.0,1910.0,20.0,63.0,9940.0,1035.0,6806.0,2540.0,96.0,2e3,83.0,96.0,18.3,14.0,5854.0,70.0
Yes,619.0,516.0,219.0,20.0,51.0,1251.0,767.0,11208.0,4124.0,350.0,1615.0,55.0,65.0,12.7,25.0,6584.0,65.0
No,12809.0,10308.0,3761.0,24.0,49.0,22593.0,7585.0,7434.0,4850.0,700.0,2100.0,88.0,93.0,18.9,5.0,4602.0,48.0
Yes,708.0,334.0,166.0,46.0,74.0,530.0,182.0,8644.0,3922.0,500.0,800.0,79.0,88.0,12.6,24.0,14579.0,54.0
No,1734.0,1729.0,951.0,12.0,52.0,3602.0,939.0,3460.0,2650.0,450.0,1e3,57.0,60.0,19.6,5.0,4739.0,48.0
Yes,2135.0,1700.0,491.0,23.0,59.0,1708.0,689.0,12e3,5920.0,500.0,500.0,93.0,93.0,13.8,30.0,7100.0,88.0
No,7548.0,6791.0,3070.0,25.0,57.0,16262.0,1716.0,6300.0,3933.0,600.0,1908.0,85.0,91.0,16.7,18.0,6642.0,69.0
Yes,662.0,513.0,257.0,12.0,30.0,2074.0,726.0,11902.0,4372.0,540.0,950.0,65.0,65.0,12.8,31.0,7836.0,58.0
Yes,1879.0,1658.0,497.0,36.0,69.0,1950.0,38.0,13353.0,4173.0,540.0,821.0,78.0,83.0,12.7,40.0,9220.0,71.0
Yes,761.0,725.0,306.0,21.0,58.0,1337.0,300.0,10990.0,3244.0,600.0,1021.0,66.0,70.0,10.4,30.0,6871.0,69.0
Yes,948.0,798.0,295.0,42.0,74.0,1120.0,15.0,11280.0,4342.0,400.0,1150.0,81.0,95.0,13.0,33.0,11361.0,71.0
Yes,627.0,556.0,172.0,16.0,40.0,777.0,538.0,9925.0,4135.0,750.0,1350.0,59.0,67.0,22.4,11.0,6523.0,48.0
Yes,602.0,483.0,206.0,21.0,47.0,958.0,466.0,8620.0,4100.0,400.0,2250.0,58.0,68.0,11.0,21.0,6136.0,65.0
Yes,1690.0,1366.0,662.0,30.0,61.0,2718.0,1460.0,10995.0,4410.0,1e3,1e3,68.0,74.0,17.6,20.0,8086.0,85.0
Yes,261.0,192.0,111.0,15.0,36.0,453.0,266.0,9690.0,4300.0,500.0,500.0,57.0,77.0,9.7,35.0,9337.0,71.0
Yes,1910.0,838.0,285.0,50.0,85.0,1004.0,15.0,19264.0,6206.0,750.0,750.0,98.0,98.0,10.4,30.0,13894.0,79.0
Yes,2496.0,1402.0,531.0,53.0,95.0,2121.0,69.0,17926.0,8124.0,600.0,850.0,83.0,93.0,10.3,33.0,12580.0,91.0
Yes,990.0,784.0,279.0,18.0,45.0,1811.0,3144.0,11290.0,5360.0,600.0,1800.0,76.0,78.0,12.6,11.0,9084.0,72.0
Yes,6075.0,5349.0,2367.0,34.0,66.0,9919.0,484.0,6450.0,3920.0,600.0,1346.0,71.0,76.0,18.5,38.0,7503.0,72.0
Yes,1163.0,850.0,348.0,23.0,56.0,878.0,519.0,12850.0,5400.0,400.0,800.0,78.0,89.0,12.2,30.0,8954.0,73.0
Yes,807.0,707.0,308.0,39.0,63.0,1198.0,605.0,8840.0,2950.0,750.0,1290.0,74.0,82.0,13.1,31.0,6668.0,84.0
Yes,632.0,494.0,129.0,17.0,36.0,709.0,131.0,9e3,4850.0,300.0,2480.0,78.0,85.0,13.2,10.0,7550.0,52.0
Yes,1220.0,974.0,481.0,28.0,67.0,1964.0,623.0,7800.0,3664.0,650.0,900.0,61.0,61.0,11.1,19.0,7614.0,49.0
Yes,1320.0,923.0,284.0,26.0,54.0,1085.0,81.0,16304.0,3616.0,355.0,715.0,87.0,95.0,11.1,26.0,12957.0,69.0
No,1208.0,877.0,546.0,12.0,36.0,3796.0,824.0,4425.0,2700.0,660.0,1800.0,57.0,62.0,19.6,16.0,3752.0,46.0
Yes,632.0,620.0,222.0,14.0,24.0,702.0,501.0,9550.0,3850.0,350.0,250.0,64.0,84.0,14.1,18.0,5922.0,58.0
Yes,519.0,327.0,114.0,25.0,53.0,457.0,2.0,21700.0,4100.0,600.0,500.0,35.0,59.0,10.1,33.0,16364.0,55.0
Yes,3466.0,2330.0,640.0,20.0,60.0,3095.0,1533.0,13800.0,5510.0,630.0,850.0,87.0,87.0,17.5,20.0,10941.0,82.0
Yes,1858.0,1221.0,480.0,37.0,68.0,1620.0,49.0,8050.0,3940.0,350.0,2375.0,80.0,80.0,16.3,17.0,10511.0,63.0
Yes,878.0,816.0,200.0,16.0,41.0,706.0,62.0,8740.0,3363.0,550.0,1700.0,62.0,68.0,11.6,29.0,7718.0,48.0
Yes,202.0,184.0,122.0,19.0,42.0,537.0,101.0,8540.0,3580.0,500.0,1400.0,61.0,80.0,8.8,32.0,8324.0,56.0
Yes,502.0,384.0,104.0,11.0,28.0,347.0,74.0,6200.0,2900.0,600.0,800.0,63.0,63.0,11.7,13.0,7623.0,35.0
Yes,1646.0,1150.0,542.0,12.0,30.0,2128.0,82.0,5188.0,3396.0,650.0,2500.0,48.0,48.0,13.8,9.0,6817.0,58.0
Yes,805.0,588.0,287.0,67.0,88.0,1376.0,207.0,11660.0,4325.0,400.0,900.0,74.0,79.0,14.0,34.0,8649.0,72.0
Yes,500.0,336.0,156.0,25.0,55.0,421.0,27.0,6500.0,2700.0,500.0,1e3,76.0,76.0,14.3,53.0,8377.0,51.0
No,6773.0,3028.0,1025.0,15.0,55.0,5847.0,946.0,7844.0,2948.0,500.0,1680.0,66.0,68.0,18.0,19.0,7041.0,75.0
Yes,377.0,358.0,181.0,15.0,30.0,653.0,129.0,7150.0,4350.0,450.0,1500.0,61.0,67.0,17.8,3.0,6259.0,53.0
Yes,692.0,514.0,209.0,20.0,50.0,760.0,81.0,9900.0,3990.0,400.0,900.0,76.0,71.0,13.3,19.0,9073.0,58.0
Yes,20192.0,13007.0,3810.0,45.0,80.0,14971.0,3113.0,18420.0,6810.0,475.0,1025.0,80.0,81.0,11.9,16.0,16836.0,72.0
Yes,3356.0,1019.0,418.0,76.0,100.0,1490.0,8.0,19030.0,5885.0,1495.0,875.0,93.0,96.0,11.2,52.0,20447.0,96.0
No,9251.0,7333.0,3076.0,14.0,45.0,13699.0,1213.0,7452.0,3352.0,600.0,1700.0,81.0,89.0,21.1,14.0,6918.0,67.0
Yes,443.0,330.0,151.0,5.0,36.0,453.0,42.0,14080.0,6270.0,500.0,900.0,57.0,80.0,10.2,21.0,15387.0,46.0
Yes,3767.0,3414.0,1061.0,30.0,58.0,4531.0,643.0,10870.0,4440.0,2e3,1522.0,75.0,81.0,14.4,21.0,7671.0,85.0
Yes,4186.0,2743.0,740.0,48.0,77.0,2819.0,62.0,19380.0,6750.0,410.0,1e3,90.0,97.0,9.8,24.0,17150.0,84.0
Yes,367.0,274.0,158.0,12.0,41.0,917.0,479.0,9592.0,5879.0,500.0,700.0,71.0,80.0,13.7,12.0,5935.0,49.0
Yes,1436.0,1228.0,1202.0,10.0,26.0,1320.0,822.0,4371.0,2370.0,500.0,2e3,62.0,62.0,12.6,10.0,4900.0,18.0
Yes,392.0,351.0,155.0,16.0,44.0,738.0,430.0,10260.0,3597.0,600.0,1500.0,39.0,66.0,13.1,26.0,8355.0,58.0
Yes,838.0,673.0,292.0,22.0,53.0,881.0,55.0,10265.0,4725.0,560.0,875.0,68.0,73.0,13.2,24.0,8655.0,82.0
Yes,7365.0,5402.0,4615.0,48.0,82.0,27378.0,1253.0,2340.0,3580.0,860.0,1220.0,76.0,76.0,20.5,40.0,7916.0,33.0
Yes,12586.0,3239.0,1462.0,87.0,95.0,5643.0,349.0,19528.0,5926.0,720.0,1100.0,99.0,100.0,7.6,39.0,20440.0,97.0
Yes,1465.0,810.0,313.0,71.0,95.0,1088.0,16.0,18165.0,6750.0,500.0,1200.0,100.0,100.0,12.3,49.0,17449.0,89.0
Yes,6548.0,3813.0,862.0,49.0,85.0,3316.0,31.0,18550.0,4750.0,800.0,1200.0,95.0,97.0,14.2,36.0,13675.0,93.0
Yes,860.0,688.0,285.0,32.0,70.0,1928.0,442.0,13306.0,3797.0,450.0,950.0,62.0,69.0,8.8,10.0,6333.0,78.0
Yes,2362.0,2037.0,700.0,40.0,68.0,2607.0,148.0,13130.0,4650.0,500.0,1600.0,77.0,81.0,10.9,29.0,9511.0,83.0
Yes,599.0,494.0,224.0,8.0,28.0,1035.0,446.0,10518.0,6250.0,300.0,300.0,59.0,76.0,16.5,36.0,7117.0,71.0
Yes,1011.0,604.0,213.0,17.0,42.0,693.0,868.0,8900.0,4600.0,425.0,1e3,87.0,96.0,13.9,25.0,7922.0,55.0
Yes,563.0,247.0,247.0,23.0,52.0,1427.0,432.0,12950.0,5300.0,612.0,576.0,72.0,74.0,12.4,17.0,8985.0,60.0
No,7811.0,3817.0,1650.0,47.0,73.0,12911.0,1404.0,7380.0,4877.0,612.0,2091.0,72.0,81.0,19.8,13.0,8453.0,59.0
No,4540.0,3294.0,1483.0,5.0,60.0,13494.0,1254.0,7706.0,4368.0,600.0,1926.0,90.0,90.0,21.2,8.0,7268.0,61.0
Yes,1784.0,1512.0,913.0,29.0,56.0,3401.0,136.0,10230.0,3710.0,400.0,1210.0,75.0,81.0,14.8,41.0,7786.0,81.0
Yes,2087.0,1339.0,657.0,20.0,54.0,3191.0,1204.0,7550.0,2790.0,600.0,500.0,77.0,77.0,21.8,34.0,3739.0,63.0
Yes,848.0,587.0,298.0,25.0,55.0,935.0,184.0,6060.0,3070.0,600.0,1300.0,62.0,66.0,17.7,13.0,5391.0,49.0
Yes,2853.0,2193.0,753.0,16.0,34.0,2978.0,434.0,10750.0,5340.0,400.0,1130.0,90.0,92.0,14.6,26.0,7972.0,64.0
Yes,1747.0,1382.0,449.0,34.0,66.0,1662.0,960.0,13050.0,4e3,500.0,800.0,64.0,69.0,12.1,27.0,9557.0,83.0
Yes,100.0,90.0,35.0,10.0,52.0,282.0,331.0,8400.0,2812.0,300.0,2134.0,10.0,50.0,12.1,24.0,7976.0,52.0
Yes,2694.0,1579.0,489.0,75.0,93.0,1870.0,12.0,19292.0,3957.0,550.0,550.0,81.0,93.0,10.4,60.0,17960.0,91.0
Yes,8728.0,5201.0,1191.0,60.0,89.0,4265.0,291.0,17900.0,5690.0,450.0,1250.0,86.0,93.0,9.2,31.0,24386.0,74.0
Yes,1160.0,991.0,352.0,19.0,55.0,1357.0,737.0,12200.0,3880.0,480.0,930.0,74.0,81.0,17.8,25.0,7666.0,79.0
Yes,1096.0,951.0,464.0,27.0,62.0,1776.0,239.0,8150.0,3150.0,400.0,500.0,61.0,62.0,13.6,16.0,6716.0,67.0
Yes,1616.0,1427.0,434.0,20.0,43.0,1405.0,580.0,13125.0,3775.0,500.0,1300.0,74.0,89.0,15.9,22.0,7364.0,62.0
Yes,3877.0,3156.0,713.0,71.0,93.0,3051.0,513.0,15700.0,4730.0,525.0,1460.0,95.0,95.0,2.9,29.0,19733.0,67.0
No,1257.0,940.0,363.0,9.0,22.0,1547.0,294.0,7656.0,4690.0,400.0,700.0,89.0,91.0,14.7,8.0,6318.0,79.0
Yes,1083.0,880.0,291.0,13.0,34.0,915.0,80.0,9270.0,4100.0,600.0,1860.0,75.0,82.0,13.5,27.0,8425.0,55.0
Yes,1754.0,1465.0,505.0,24.0,49.0,2159.0,211.0,13712.0,6408.0,526.0,1100.0,90.0,96.0,9.3,18.0,12751.0,75.0
Yes,3847.0,3433.0,527.0,9.0,35.0,1010.0,12.0,9384.0,4840.0,600.0,500.0,22.0,47.0,14.3,20.0,7697.0,118.0
Yes,776.0,607.0,198.0,25.0,58.0,791.0,764.0,14340.0,5285.0,500.0,1e3,58.0,83.0,11.7,39.0,10961.0,74.0
Yes,1307.0,1090.0,616.0,25.0,55.0,2196.0,82.0,7344.0,4410.0,570.0,1e3,50.0,52.0,15.3,34.0,6897.0,64.0
Yes,369.0,312.0,90.0,12.0,46.0,396.0,526.0,11400.0,5400.0,500.0,760.0,41.0,85.0,9.5,20.0,9583.0,24.0
Yes,495.0,434.0,210.0,35.0,55.0,775.0,44.0,8950.0,3490.0,600.0,1900.0,86.0,92.0,11.3,25.0,9685.0,66.0
Yes,601.0,396.0,203.0,1.0,20.0,525.0,323.0,11230.0,6643.0,2340.0,620.0,8.0,58.0,6.8,4.0,13025.0,47.0
Yes,1283.0,1113.0,401.0,31.0,65.0,1355.0,40.0,10938.0,3660.0,650.0,600.0,76.0,90.0,13.5,29.0,8444.0,67.0
No,4158.0,2532.0,902.0,6.0,24.0,6394.0,3881.0,5962.0,4444.0,500.0,985.0,69.0,73.0,16.7,4.0,4900.0,49.0
No,4681.0,4101.0,1436.0,10.0,35.0,8094.0,1596.0,4620.0,3288.0,300.0,2250.0,69.0,80.0,19.7,4.0,5501.0,50.0
No,2785.0,2011.0,1007.0,8.0,65.0,6507.0,898.0,7242.0,3603.0,654.0,1416.0,67.0,89.0,18.1,0.0,6413.0,51.0
Yes,174.0,146.0,88.0,8.0,29.0,1047.0,33.0,8300.0,3080.0,600.0,600.0,62.0,62.0,15.2,18.0,3365.0,58.0
Yes,1013.0,888.0,288.0,55.0,82.0,943.0,7.0,11850.0,4270.0,600.0,900.0,95.0,99.0,11.4,60.0,13118.0,74.0
Yes,959.0,771.0,351.0,23.0,48.0,1662.0,209.0,16624.0,5895.0,600.0,1100.0,72.0,80.0,12.8,6.0,12692.0,47.0
Yes,212.0,197.0,91.0,28.0,56.0,471.0,148.0,13500.0,5230.0,400.0,850.0,95.0,98.0,9.3,37.0,16095.0,52.0
Yes,342.0,254.0,126.0,25.0,64.0,518.0,232.0,10335.0,5015.0,700.0,850.0,71.0,71.0,8.3,29.0,7729.0,73.0
Yes,81.0,72.0,51.0,33.0,71.0,139.0,3.0,8730.0,3600.0,400.0,800.0,92.0,92.0,9.3,17.0,10922.0,58.0
Yes,880.0,520.0,224.0,16.0,42.0,1068.0,364.0,9300.0,3260.0,600.0,900.0,81.0,81.0,11.1,24.0,8129.0,63.0
No,883.0,766.0,428.0,3.0,37.0,2910.0,1749.0,7860.0,4750.0,525.0,1889.0,80.0,82.0,21.2,16.0,4639.0,48.0
Yes,1196.0,697.0,499.0,21.0,47.0,959.0,13.0,4412.0,2460.0,500.0,1e3,69.0,69.0,16.9,31.0,7083.0,21.0
Yes,1860.0,767.0,227.0,71.0,93.0,887.0,1.0,17e3,6010.0,500.0,850.0,99.0,99.0,9.6,52.0,18443.0,87.0
Yes,2887.0,2059.0,457.0,30.0,61.0,1928.0,296.0,17500.0,4200.0,500.0,950.0,94.0,95.0,10.5,35.0,11951.0,79.0
Yes,460.0,340.0,167.0,14.0,45.0,604.0,350.0,10740.0,3676.0,350.0,900.0,67.0,71.0,11.0,27.0,7963.0,74.0
Yes,2174.0,1953.0,557.0,35.0,68.0,2332.0,53.0,15960.0,5580.0,700.0,1300.0,95.0,95.0,15.8,32.0,11659.0,77.0
No,8065.0,5257.0,2301.0,37.0,65.0,11755.0,770.0,8116.0,3610.0,800.0,1618.0,82.0,88.0,18.0,17.0,7597.0,73.0
No,689.0,561.0,250.0,15.0,30.0,1125.0,422.0,7168.0,3689.0,600.0,1900.0,67.0,67.0,18.1,9.0,4417.0,46.0
Yes,1006.0,742.0,275.0,29.0,60.0,1127.0,205.0,13925.0,4390.0,500.0,2200.0,73.0,86.0,12.7,32.0,10141.0,67.0
Yes,604.0,452.0,295.0,15.0,47.0,690.0,222.0,9888.0,4502.0,400.0,1e3,64.0,77.0,12.1,39.0,8741.0,75.0
Yes,2848.0,1319.0,456.0,58.0,84.0,1720.0,35.0,18930.0,5590.0,500.0,1e3,83.0,94.0,10.2,41.0,15954.0,91.0
Yes,4856.0,2492.0,727.0,46.0,75.0,2649.0,25.0,19510.0,5565.0,500.0,750.0,95.0,98.0,10.5,45.0,15494.0,93.0
Yes,1432.0,888.0,317.0,29.0,58.0,1121.0,493.0,10860.0,5760.0,550.0,900.0,56.0,62.0,12.9,23.0,8604.0,96.0
No,4772.0,3140.0,1265.0,22.0,55.0,6851.0,1200.0,6120.0,3460.0,666.0,2316.0,73.0,78.0,17.2,18.0,4776.0,51.0
Yes,798.0,620.0,238.0,14.0,41.0,1165.0,1232.0,9800.0,4430.0,400.0,1150.0,46.0,46.0,11.1,35.0,6889.0,100.0
Yes,946.0,648.0,177.0,23.0,46.0,707.0,432.0,11790.0,5770.0,500.0,1e3,75.0,77.0,11.9,35.0,10015.0,83.0
Yes,344.0,264.0,97.0,11.0,42.0,500.0,331.0,12600.0,5520.0,630.0,2250.0,77.0,80.0,10.4,7.0,9773.0,43.0
Yes,457.0,356.0,177.0,35.0,61.0,667.0,1983.0,11180.0,5620.0,600.0,700.0,64.0,64.0,11.5,32.0,7477.0,75.0
Yes,938.0,864.0,511.0,29.0,62.0,1715.0,103.0,12247.0,4221.0,500.0,600.0,70.0,88.0,13.1,26.0,8847.0,72.0
Yes,511.0,411.0,186.0,23.0,51.0,1692.0,562.0,12224.0,4440.0,450.0,1e3,63.0,87.0,11.5,32.0,7315.0,77.0
Yes,444.0,359.0,122.0,34.0,53.0,493.0,968.0,10900.0,5250.0,380.0,1e3,68.0,70.0,11.4,23.0,9447.0,78.0
Yes,983.0,664.0,249.0,23.0,57.0,1698.0,894.0,9990.0,5666.0,800.0,1500.0,66.0,71.0,14.3,28.0,6084.0,64.0
Yes,546.0,447.0,189.0,16.0,42.0,873.0,683.0,11138.0,4138.0,600.0,1200.0,40.0,74.0,14.0,7.0,8820.0,80.0
Yes,141.0,118.0,55.0,12.0,21.0,201.0,173.0,8300.0,4850.0,450.0,1300.0,53.0,53.0,9.5,19.0,6936.0,76.0
Yes,672.0,596.0,278.0,29.0,60.0,1350.0,275.0,11844.0,3696.0,450.0,1146.0,54.0,76.0,11.6,33.0,8996.0,72.0
Yes,2994.0,1691.0,659.0,70.0,95.0,2675.0,22.0,18e3,6300.0,400.0,900.0,92.0,96.0,11.3,55.0,12138.0,95.0
No,7117.0,3106.0,1217.0,68.0,88.0,5186.0,134.0,11720.0,4298.0,600.0,800.0,89.0,92.0,12.1,31.0,9534.0,93.0
Yes,2100.0,1883.0,553.0,29.0,65.0,1704.0,1.0,16240.0,4690.0,500.0,500.0,84.0,96.0,11.1,43.0,14140.0,69.0
Yes,3207.0,1577.0,490.0,56.0,87.0,1892.0,7.0,17142.0,4190.0,450.0,1200.0,85.0,97.0,11.3,51.0,14664.0,84.0
No,9478.0,6312.0,2194.0,29.0,65.0,15646.0,1829.0,8412.0,4180.0,470.0,1800.0,87.0,89.0,19.2,10.0,7850.0,59.0
Yes,314.0,158.0,132.0,10.0,28.0,690.0,5346.0,8294.0,3700.0,400.0,900.0,87.0,87.0,15.3,2.0,5015.0,37.0
Yes,737.0,614.0,242.0,21.0,67.0,968.0,237.0,10425.0,3975.0,500.0,1500.0,61.0,77.0,14.7,34.0,8693.0,76.0
Yes,6756.0,1930.0,871.0,78.0,96.0,3376.0,55.0,18624.0,6664.0,550.0,300.0,97.0,98.0,5.9,21.0,30639.0,99.0
Yes,281.0,266.0,139.0,13.0,29.0,1049.0,181.0,10500.0,3750.0,450.0,950.0,69.0,75.0,12.8,18.0,6955.0,45.0
Yes,232.0,216.0,106.0,16.0,34.0,534.0,172.0,6900.0,3800.0,450.0,1825.0,67.0,76.0,12.1,9.0,6875.0,42.0
Yes,688.0,497.0,144.0,30.0,75.0,641.0,101.0,10800.0,4440.0,570.0,1515.0,55.0,60.0,13.1,13.0,8415.0,55.0
Yes,528.0,403.0,186.0,22.0,56.0,1168.0,145.0,9216.0,4191.0,400.0,1e3,56.0,64.0,12.1,13.0,7309.0,75.0
Yes,3035.0,1546.0,438.0,42.0,93.0,1630.0,232.0,18740.0,6300.0,600.0,500.0,86.0,95.0,10.7,40.0,14773.0,91.0
Yes,440.0,407.0,149.0,35.0,70.0,643.0,80.0,12050.0,3700.0,500.0,900.0,63.0,76.0,10.2,31.0,10965.0,75.0
Yes,1538.0,1329.0,383.0,33.0,68.0,1140.0,10.0,15248.0,4323.0,550.0,800.0,71.0,76.0,12.2,31.0,10340.0,64.0
Yes,2967.0,2836.0,876.0,30.0,60.0,3450.0,644.0,10628.0,4372.0,650.0,2055.0,85.0,90.0,6.5,32.0,22906.0,85.0
Yes,1576.0,1110.0,274.0,24.0,55.0,992.0,112.0,8e3,3700.0,400.0,500.0,51.0,52.0,14.1,28.0,5807.0,51.0
Yes,995.0,789.0,398.0,26.0,47.0,1306.0,122.0,6230.0,3526.0,400.0,600.0,42.0,44.0,13.0,4.0,8189.0,63.0
Yes,866.0,619.0,157.0,18.0,47.0,1074.0,336.0,8920.0,4310.0,680.0,1320.0,68.0,68.0,14.6,42.0,6898.0,46.0
Yes,504.0,482.0,185.0,10.0,36.0,550.0,84.0,9130.0,3322.0,450.0,1450.0,46.0,51.0,12.6,25.0,8686.0,54.0
Yes,585.0,508.0,153.0,12.0,30.0,460.0,536.0,12292.0,4934.0,500.0,500.0,61.0,61.0,22.2,10.0,8643.0,72.0
Yes,8587.0,2273.0,1087.0,87.0,99.0,3918.0,32.0,19545.0,6070.0,550.0,1100.0,95.0,99.0,4.7,49.0,29619.0,98.0
Yes,2373.0,956.0,452.0,77.0,96.0,1601.0,6.0,17295.0,5070.0,600.0,1011.0,95.0,97.0,12.0,46.0,17581.0,94.0
Yes,571.0,461.0,174.0,10.0,26.0,645.0,283.0,10850.0,3670.0,400.0,1159.0,58.0,60.0,12.8,19.0,7505.0,56.0
No,967.0,945.0,459.0,15.0,48.0,2806.0,538.0,4528.0,1880.0,500.0,1200.0,49.0,63.0,17.1,16.0,5113.0,58.0
Yes,2762.0,2279.0,533.0,32.0,60.0,1835.0,14.0,16900.0,4720.0,500.0,600.0,88.0,97.0,11.6,45.0,12423.0,81.0
Yes,1994.0,1656.0,495.0,50.0,80.0,1983.0,36.0,14300.0,5020.0,550.0,950.0,78.0,94.0,11.1,31.0,11525.0,82.0
Yes,3014.0,2539.0,487.0,31.0,68.0,1889.0,62.0,18700.0,5e3,595.0,1250.0,87.0,94.0,11.2,39.0,13861.0,87.0
No,434.0,412.0,319.0,10.0,30.0,1376.0,237.0,4486.0,2146.0,600.0,2e3,50.0,64.0,16.5,28.0,4525.0,46.0
Yes,1998.0,1376.0,651.0,41.0,88.0,1539.0,45.0,6700.0,3650.0,500.0,2307.0,52.0,52.0,14.1,12.0,7566.0,61.0
Yes,793.0,709.0,244.0,20.0,47.0,1022.0,411.0,9570.0,3e3,400.0,1e3,67.0,72.0,15.1,42.0,6852.0,60.0
Yes,360.0,329.0,108.0,4.0,19.0,756.0,863.0,8310.0,5500.0,600.0,1800.0,43.0,43.0,12.7,5.0,5480.0,54.0
Yes,604.0,562.0,328.0,25.0,50.0,1048.0,56.0,9800.0,2650.0,450.0,2800.0,61.0,60.0,12.5,17.0,7325.0,87.0
Yes,1011.0,829.0,410.0,9.0,33.0,1059.0,2458.0,9e3,3100.0,450.0,1413.0,77.0,78.0,12.4,7.0,11178.0,42.0
Yes,2799.0,2573.0,839.0,34.0,65.0,3322.0,726.0,13420.0,4770.0,560.0,1675.0,88.0,93.0,15.0,24.0,9473.0,77.0
Yes,2153.0,1580.0,321.0,56.0,84.0,1192.0,87.0,18432.0,5616.0,520.0,660.0,93.0,97.0,10.2,28.0,14907.0,83.0
Yes,700.0,650.0,314.0,33.0,66.0,1065.0,48.0,8730.0,3523.0,500.0,750.0,82.0,92.0,13.2,35.0,9303.0,67.0
Yes,13789.0,3893.0,1583.0,90.0,98.0,6188.0,53.0,18590.0,5950.0,625.0,1162.0,95.0,96.0,5.0,44.0,27206.0,97.0
Yes,1358.0,1006.0,274.0,35.0,63.0,1028.0,13.0,15036.0,4056.0,600.0,600.0,90.0,94.0,10.6,46.0,14634.0,78.0
No,9274.0,6362.0,2435.0,14.0,44.0,13171.0,1687.0,7248.0,3240.0,500.0,1700.0,74.0,78.0,13.2,18.0,9002.0,58.0
No,3330.0,2730.0,1303.0,15.0,36.0,6706.0,2640.0,5800.0,3e3,600.0,2200.0,73.0,75.0,14.0,9.0,9825.0,42.0
Yes,379.0,341.0,265.0,10.0,36.0,1050.0,151.0,4950.0,2780.0,530.0,1500.0,62.0,62.0,15.7,7.0,5619.0,38.0
Yes,458.0,369.0,165.0,16.0,42.0,1057.0,355.0,11190.0,4800.0,450.0,1230.0,60.0,60.0,13.6,22.0,8135.0,54.0
No,2172.0,1493.0,564.0,14.0,50.0,2766.0,1531.0,5962.0,4316.0,650.0,500.0,71.0,76.0,16.9,14.0,5719.0,50.0
No,5597.0,4253.0,1565.0,12.0,38.0,9161.0,845.0,5710.0,3066.0,120.0,1730.0,62.0,71.0,16.2,5.0,5682.0,76.0
Yes,486.0,440.0,227.0,19.0,48.0,903.0,59.0,9650.0,3800.0,600.0,1300.0,46.0,65.0,11.4,29.0,10188.0,82.0
Yes,516.0,409.0,200.0,17.0,40.0,1238.0,30.0,8770.0,3500.0,450.0,700.0,58.0,58.0,17.3,17.0,6430.0,70.0
Yes,1422.0,1109.0,366.0,33.0,65.0,1363.0,23.0,15360.0,4080.0,600.0,1e3,82.0,89.0,12.8,26.0,15003.0,59.0
Yes,2417.0,1843.0,426.0,36.0,70.0,1476.0,299.0,14190.0,4400.0,500.0,750.0,65.0,68.0,12.8,25.0,9815.0,81.0
Yes,1457.0,1045.0,345.0,27.0,50.0,1109.0,502.0,14990.0,4980.0,450.0,550.0,77.0,98.0,21.5,21.0,7502.0,64.0
Yes,245.0,208.0,125.0,23.0,46.0,544.0,436.0,11800.0,4765.0,450.0,1700.0,71.0,71.0,11.3,21.0,8952.0,86.0
Yes,3624.0,2786.0,858.0,11.0,39.0,2933.0,334.0,9100.0,3883.0,490.0,1777.0,70.0,74.0,18.9,34.0,6329.0,63.0
Yes,3151.0,2584.0,958.0,14.0,40.0,4772.0,856.0,7800.0,3750.0,570.0,3020.0,37.0,43.0,16.5,4.0,12878.0,44.0
Yes,765.0,646.0,226.0,30.0,60.0,809.0,32.0,8578.0,4408.0,700.0,1600.0,79.0,88.0,13.9,51.0,8061.0,82.0
Yes,8506.0,4168.0,1236.0,76.0,97.0,5544.0,192.0,17600.0,6e3,600.0,870.0,97.0,98.0,5.0,28.0,28457.0,96.0
No,1256.0,1256.0,853.0,43.0,79.0,3957.0,588.0,5401.0,3144.0,450.0,1888.0,72.0,75.0,19.3,4.0,5527.0,50.0
Yes,659.0,557.0,167.0,47.0,74.0,532.0,35.0,10485.0,3840.0,475.0,1246.0,76.0,80.0,13.5,47.0,7527.0,67.0
Yes,560.0,454.0,113.0,36.0,56.0,484.0,16.0,10955.0,3450.0,330.0,670.0,62.0,87.0,10.6,31.0,9552.0,53.0
No,1801.0,1101.0,438.0,14.0,50.0,3065.0,363.0,6297.0,4600.0,600.0,1323.0,75.0,78.0,18.1,14.0,8355.0,68.0
Yes,4784.0,3346.0,781.0,30.0,66.0,2984.0,1037.0,15e3,6200.0,700.0,1100.0,86.0,90.0,15.1,30.0,11220.0,94.0
No,1455.0,1064.0,452.0,1.0,16.0,2632.0,617.0,6806.0,2550.0,350.0,766.0,75.0,75.0,15.1,10.0,6972.0,24.0
Yes,1339.0,1107.0,336.0,12.0,36.0,1051.0,82.0,9400.0,4200.0,500.0,1600.0,53.0,58.0,12.5,9.0,7967.0,22.0
Yes,1415.0,714.0,338.0,18.0,52.0,1345.0,44.0,5120.0,3200.0,500.0,2140.0,52.0,60.0,18.1,9.0,3930.0,69.0
Yes,1947.0,1580.0,523.0,39.0,74.0,1863.0,233.0,13900.0,4140.0,750.0,1500.0,90.0,90.0,10.6,7.0,8923.0,57.0
No,3306.0,2079.0,1071.0,42.0,89.0,10208.0,9310.0,6597.0,2494.0,800.0,3028.0,81.0,96.0,13.9,20.0,6722.0,66.0
Yes,1381.0,1040.0,374.0,20.0,44.0,1506.0,970.0,8025.0,4865.0,400.0,650.0,65.0,74.0,17.4,10.0,6339.0,68.0
No,11651.0,8683.0,3023.0,50.0,90.0,18906.0,3242.0,6680.0,4060.0,600.0,1020.0,80.0,89.0,23.1,15.0,7250.0,58.0
Yes,291.0,245.0,126.0,16.0,49.0,981.0,337.0,8390.0,4100.0,350.0,1500.0,45.0,55.0,21.5,24.0,4607.0,62.0
Yes,4200.0,2874.0,942.0,30.0,55.0,4740.0,1646.0,14235.0,6965.0,600.0,1735.0,86.0,97.0,14.4,14.0,10864.0,80.0
No,3440.0,2823.0,1123.0,16.0,35.0,3793.0,486.0,6198.0,3320.0,500.0,2500.0,89.0,97.0,19.1,6.0,4362.0,46.0
No,1801.0,1655.0,819.0,13.0,38.0,3224.0,436.0,5840.0,3138.0,400.0,2430.0,76.0,76.0,19.1,8.0,5039.0,43.0
Yes,553.0,452.0,228.0,22.0,49.0,1301.0,242.0,9650.0,4400.0,600.0,1e3,57.0,69.0,14.9,8.0,6336.0,83.0
Yes,804.0,632.0,281.0,29.0,72.0,840.0,68.0,10390.0,4040.0,525.0,1345.0,54.0,78.0,12.5,37.0,11751.0,60.0
Yes,5187.0,4471.0,446.0,3.0,14.0,1818.0,1197.0,13320.0,4630.0,500.0,800.0,50.0,56.0,17.6,16.0,6418.0,51.0
Yes,895.0,548.0,314.0,20.0,54.0,1174.0,50.0,5500.0,3340.0,600.0,1600.0,68.0,76.0,16.1,13.0,6078.0,62.0
Yes,346.0,274.0,146.0,51.0,87.0,704.0,63.0,9900.0,3670.0,630.0,1818.0,59.0,59.0,10.5,14.0,8095.0,54.0
Yes,2161.0,1951.0,685.0,56.0,82.0,2371.0,175.0,13440.0,4048.0,600.0,1250.0,92.0,95.0,13.5,28.0,12940.0,82.0
Yes,2464.0,1908.0,678.0,24.0,57.0,2693.0,691.0,10970.0,4280.0,500.0,1380.0,47.0,51.0,13.3,18.0,7711.0,65.0
Yes,1110.0,930.0,332.0,18.0,36.0,1603.0,374.0,8180.0,4270.0,500.0,500.0,65.0,58.0,15.2,12.0,5664.0,29.0
Yes,668.0,534.0,237.0,19.0,39.0,1306.0,258.0,9476.0,4820.0,500.0,1100.0,67.0,67.0,20.1,26.0,6786.0,74.0
Yes,809.0,726.0,294.0,27.0,52.0,1271.0,43.0,12500.0,4130.0,400.0,1050.0,53.0,53.0,13.5,22.0,7136.0,52.0
No,5653.0,4326.0,1727.0,17.0,29.0,9528.0,3822.0,10800.0,4840.0,580.0,1050.0,93.0,96.0,19.3,7.0,6751.0,46.0
Yes,7875.0,5062.0,1492.0,38.0,71.0,5471.0,1470.0,17450.0,6328.0,700.0,950.0,92.0,93.0,7.6,15.0,14745.0,72.0
Yes,727.0,693.0,286.0,30.0,55.0,1063.0,48.0,8100.0,3950.0,550.0,550.0,73.0,76.0,13.3,28.0,7508.0,55.0
Yes,11115.0,2881.0,1390.0,71.0,93.0,5881.0,406.0,18300.0,7131.0,670.0,1700.0,91.0,92.0,7.2,27.0,19635.0,95.0
No,7837.0,4527.0,2276.0,89.0,99.0,8528.0,654.0,6489.0,4438.0,795.0,1164.0,92.0,92.0,19.3,33.0,11271.0,70.0
No,3793.0,2341.0,1238.0,9.0,24.0,7732.0,9054.0,6744.0,2655.0,720.0,3450.0,87.0,89.0,19.0,10.0,7762.0,34.0
Yes,348.0,281.0,127.0,12.0,52.0,1095.0,785.0,9150.0,3950.0,500.0,800.0,56.0,59.0,12.2,27.0,7348.0,76.0
Yes,3596.0,2466.0,575.0,42.0,78.0,1944.0,46.0,19964.0,4328.0,500.0,500.0,94.0,95.0,12.1,32.0,14720.0,83.0
Yes,633.0,468.0,284.0,10.0,27.0,823.0,963.0,6120.0,2985.0,531.0,1830.0,25.0,25.0,27.6,4.0,6081.0,36.0
Yes,1886.0,1524.0,526.0,31.0,67.0,2523.0,296.0,13e3,4450.0,600.0,2400.0,78.0,90.0,14.7,32.0,9553.0,69.0
Yes,674.0,565.0,282.0,25.0,54.0,1151.0,39.0,12200.0,4070.0,400.0,1200.0,73.0,82.0,14.2,32.0,9226.0,66.0
Yes,440.0,396.0,221.0,26.0,51.0,910.0,166.0,9420.0,3730.0,600.0,1230.0,51.0,56.0,9.9,46.0,10270.0,72.0
Yes,1151.0,813.0,248.0,40.0,64.0,850.0,80.0,15588.0,6174.0,500.0,1200.0,78.0,90.0,9.2,34.0,16623.0,77.0
Yes,548.0,428.0,167.0,18.0,46.0,618.0,113.0,8958.0,3670.0,300.0,1e3,53.0,59.0,15.3,26.0,9798.0,64.0
Yes,555.0,414.0,242.0,14.0,41.0,996.0,2281.0,9100.0,3100.0,550.0,880.0,51.0,61.0,23.6,24.0,5609.0,47.0
No,5165.0,3887.0,1561.0,20.0,60.0,8234.0,2619.0,6108.0,3800.0,500.0,1e3,64.0,66.0,20.6,9.0,5063.0,57.0
Yes,780.0,628.0,198.0,7.0,20.0,545.0,42.0,11750.0,2700.0,400.0,850.0,77.0,83.0,14.0,24.0,6475.0,76.0
Yes,608.0,494.0,176.0,10.0,31.0,649.0,314.0,8330.0,3770.0,550.0,1300.0,64.0,80.0,13.0,31.0,7949.0,39.0
Yes,510.0,387.0,194.0,20.0,46.0,771.0,53.0,10310.0,4530.0,400.0,800.0,57.0,61.0,14.3,16.0,8222.0,60.0
Yes,2039.0,1389.0,432.0,56.0,91.0,1333.0,30.0,15688.0,4618.0,400.0,400.0,88.0,92.0,9.5,54.0,18979.0,83.0
Yes,2491.0,1110.0,573.0,57.0,88.0,2213.0,35.0,5224.0,3048.0,525.0,350.0,65.0,65.0,18.4,18.0,4957.0,100.0
Yes,1202.0,1054.0,326.0,18.0,44.0,1410.0,299.0,13404.0,5160.0,450.0,1050.0,78.0,86.0,15.6,30.0,9114.0,65.0
Yes,1709.0,1385.0,634.0,36.0,72.0,2281.0,50.0,14125.0,3600.0,400.0,700.0,79.0,89.0,12.5,58.0,9907.0,80.0
Yes,380.0,237.0,104.0,30.0,56.0,716.0,1108.0,11e3,5550.0,500.0,500.0,36.0,41.0,7.8,22.0,7483.0,96.0
Yes,3140.0,1783.0,454.0,40.0,82.0,1646.0,24.0,19700.0,5050.0,300.0,800.0,91.0,96.0,9.6,60.0,17761.0,91.0
Yes,1006.0,825.0,328.0,34.0,73.0,1362.0,102.0,13252.0,4194.0,450.0,550.0,89.0,93.0,13.0,33.0,10296.0,65.0
Yes,817.0,644.0,307.0,20.0,40.0,945.0,1.0,13218.0,4773.0,660.0,600.0,95.0,97.0,13.3,53.0,12263.0,69.0
Yes,7178.0,3755.0,1433.0,25.0,63.0,4623.0,740.0,7161.0,3518.0,600.0,2e3,60.0,64.0,14.0,9.0,6791.0,70.0
Yes,1006.0,837.0,317.0,33.0,65.0,1024.0,15.0,8200.0,3485.0,500.0,1200.0,84.0,84.0,10.6,26.0,9248.0,64.0
Yes,467.0,424.0,350.0,16.0,40.0,1365.0,334.0,6300.0,2980.0,700.0,2140.0,75.0,79.0,13.7,10.0,7054.0,38.0
Yes,1721.0,1068.0,806.0,35.0,75.0,3128.0,213.0,5504.0,3528.0,700.0,910.0,71.0,77.0,17.7,37.0,6466.0,73.0
Yes,2083.0,1725.0,430.0,22.0,49.0,1464.0,67.0,17480.0,4780.0,500.0,700.0,75.0,87.0,12.3,32.0,11625.0,73.0
Yes,13865.0,2165.0,1606.0,90.0,100.0,6862.0,320.0,18485.0,6410.0,500.0,1920.0,97.0,97.0,9.9,52.0,37219.0,100.0
Yes,1377.0,572.0,178.0,95.0,100.0,654.0,5.0,17230.0,6690.0,700.0,900.0,100.0,100.0,8.2,46.0,21569.0,100.0
Yes,817.0,708.0,262.0,22.0,52.0,935.0,37.0,9376.0,3272.0,500.0,1902.0,57.0,63.0,13.0,17.0,7335.0,52.0
Yes,823.0,721.0,274.0,52.0,87.0,954.0,6.0,8800.0,3195.0,500.0,1200.0,82.0,99.0,13.1,26.0,8588.0,63.0
Yes,920.0,745.0,347.0,35.0,66.0,1133.0,42.0,11090.0,4700.0,400.0,750.0,80.0,80.0,12.0,31.0,12639.0,79.0
Yes,922.0,729.0,244.0,37.0,66.0,1e3,275.0,14067.0,4560.0,400.0,1e3,75.0,95.0,10.6,34.0,12165.0,79.0
Yes,2688.0,2081.0,500.0,25.0,53.0,1792.0,5.0,19029.0,5841.0,600.0,600.0,99.0,99.0,12.1,37.0,13040.0,79.0
Yes,7428.0,5860.0,1349.0,25.0,63.0,6534.0,1350.0,11600.0,5920.0,1e3,1e3,81.0,90.0,13.9,10.0,10093.0,60.0
Yes,602.0,498.0,215.0,26.0,58.0,795.0,74.0,13470.0,5515.0,500.0,850.0,78.0,91.0,11.1,48.0,13957.0,72.0
Yes,699.0,565.0,176.0,36.0,64.0,710.0,399.0,13960.0,6040.0,450.0,690.0,82.0,88.0,14.4,34.0,12434.0,72.0
Yes,1712.0,1483.0,624.0,37.0,69.0,2505.0,208.0,12275.0,4341.0,465.0,1100.0,72.0,81.0,12.5,40.0,9284.0,72.0
Yes,949.0,786.0,302.0,30.0,70.0,1210.0,26.0,9990.0,3550.0,500.0,1500.0,85.0,90.0,15.0,24.0,8187.0,67.0
Yes,608.0,520.0,127.0,26.0,47.0,538.0,126.0,8080.0,3920.0,500.0,1100.0,63.0,72.0,11.4,9.0,7703.0,44.0
Yes,450.0,430.0,125.0,20.0,46.0,488.0,43.0,9950.0,3920.0,300.0,1300.0,76.0,76.0,11.8,25.0,9466.0,47.0
Yes,600.0,197.0,124.0,3.0,9.0,392.0,69.0,7260.0,3090.0,600.0,1840.0,31.0,35.0,12.9,4.0,9249.0,21.0
Yes,723.0,652.0,361.0,10.0,30.0,951.0,706.0,7800.0,4e3,350.0,1500.0,36.0,44.0,22.0,4.0,4923.0,84.0
Yes,607.0,558.0,269.0,22.0,47.0,1222.0,519.0,10500.0,4348.0,650.0,1500.0,81.0,91.0,11.6,29.0,8324.0,75.0
Yes,894.0,787.0,262.0,28.0,63.0,909.0,28.0,8050.0,3850.0,600.0,1e3,75.0,75.0,15.6,30.0,7348.0,52.0
Yes,1756.0,1360.0,478.0,42.0,77.0,1911.0,626.0,14550.0,4620.0,500.0,700.0,80.0,88.0,12.3,26.0,12851.0,56.0
No,8681.0,6695.0,2408.0,10.0,35.0,15701.0,1823.0,7799.0,3403.0,537.0,2605.0,77.0,84.0,21.0,16.0,5569.0,54.0
Yes,3050.0,1342.0,471.0,55.0,86.0,1818.0,23.0,14360.0,4090.0,400.0,650.0,77.0,92.0,12.9,34.0,9605.0,83.0
Yes,268.0,253.0,103.0,16.0,44.0,494.0,1305.0,1e4,5364.0,500.0,1e3,56.0,64.0,11.2,33.0,7305.0,69.0
Yes,1163.0,927.0,386.0,16.0,49.0,1685.0,556.0,8840.0,4689.0,750.0,2775.0,67.0,69.0,11.4,21.0,6095.0,95.0
No,5659.0,4761.0,3147.0,10.0,31.0,8596.0,1949.0,6892.0,3706.0,600.0,2500.0,72.0,76.0,16.6,8.0,6996.0,40.0
No,16587.0,13243.0,5873.0,25.0,72.0,24763.0,2717.0,9766.0,3990.0,600.0,2e3,77.0,88.0,21.3,24.0,8686.0,68.0
Yes,735.0,423.0,366.0,20.0,48.0,2448.0,707.0,9210.0,3782.0,700.0,1e3,49.0,51.0,39.8,15.0,6562.0,34.0
Yes,4892.0,3530.0,913.0,13.0,33.0,3906.0,1446.0,10690.0,6790.0,570.0,1150.0,66.0,83.0,16.0,14.0,8107.0,66.0
No,8427.0,7424.0,3441.0,26.0,59.0,18676.0,1715.0,7550.0,3224.0,640.0,2055.0,81.0,88.0,19.2,22.0,8420.0,65.0
Yes,7259.0,5526.0,1368.0,23.0,52.0,5612.0,166.0,14424.0,6192.0,634.0,1e3,58.0,79.0,11.5,25.0,9812.0,75.0
No,11223.0,5285.0,2082.0,32.0,72.0,9652.0,742.0,7994.0,4544.0,500.0,732.0,77.0,81.0,17.9,29.0,5212.0,98.0
Yes,472.0,410.0,262.0,14.0,41.0,9950.0,71.0,7620.0,3050.0,400.0,400.0,51.0,53.0,17.0,21.0,3186.0,54.0
No,2957.0,1423.0,691.0,10.0,30.0,3817.0,1394.0,3946.0,4800.0,400.0,1500.0,63.0,67.0,14.9,10.0,8367.0,26.0
Yes,605.0,405.0,284.0,24.0,53.0,961.0,99.0,6398.0,3672.0,400.0,1350.0,68.0,68.0,13.3,19.0,8118.0,75.0
Yes,2421.0,2109.0,820.0,27.0,57.0,3168.0,392.0,11700.0,5550.0,600.0,450.0,89.0,90.0,14.5,28.0,7738.0,89.0
Yes,8474.0,3446.0,911.0,75.0,94.0,3566.0,1569.0,18800.0,6740.0,500.0,1040.0,96.0,97.0,3.3,38.0,56233.0,90.0
No,833.0,669.0,279.0,3.0,13.0,1224.0,345.0,7656.0,4690.0,500.0,624.0,80.0,91.0,14.4,15.0,6564.0,36.0
Yes,313.0,228.0,137.0,10.0,30.0,552.0,67.0,9414.0,4554.0,500.0,1700.0,34.0,55.0,10.6,30.0,7840.0,56.0
Yes,1005.0,859.0,298.0,36.0,55.0,1075.0,43.0,14850.0,4460.0,450.0,420.0,97.0,97.0,12.7,37.0,12067.0,80.0
No,5880.0,4075.0,2833.0,25.0,55.0,14914.0,2246.0,6995.0,3120.0,600.0,2e3,76.0,86.0,18.5,22.0,6122.0,54.0
Yes,589.0,575.0,148.0,16.0,40.0,474.0,258.0,8400.0,3250.0,500.0,1400.0,63.0,55.0,12.4,14.0,6535.0,68.0
No,3121.0,2446.0,822.0,5.0,19.0,3480.0,776.0,7870.0,4157.0,500.0,1150.0,73.0,73.0,16.1,13.0,6195.0,61.0
Yes,584.0,497.0,175.0,20.0,49.0,662.0,121.0,8e3,4150.0,500.0,1300.0,57.0,65.0,11.3,32.0,7058.0,62.0
Yes,2212.0,1538.0,408.0,44.0,75.0,1445.0,1.0,19240.0,3690.0,750.0,480.0,95.0,95.0,11.1,46.0,14067.0,88.0
Yes,461.0,381.0,174.0,10.0,43.0,738.0,55.0,9600.0,4550.0,600.0,750.0,55.0,94.0,13.3,43.0,7863.0,51.0
Yes,1456.0,1053.0,381.0,20.0,45.0,500.0,541.0,10910.0,5160.0,400.0,1795.0,66.0,72.0,15.6,37.0,7649.0,87.0
Yes,355.0,300.0,142.0,34.0,65.0,509.0,44.0,8664.0,3350.0,600.0,3e3,65.0,68.0,10.7,25.0,8954.0,65.0
Yes,1040.0,845.0,286.0,48.0,77.0,967.0,24.0,15747.0,4062.0,400.0,800.0,88.0,95.0,12.7,33.0,13224.0,79.0
Yes,361.0,321.0,185.0,10.0,41.0,650.0,819.0,8842.0,4782.0,600.0,1100.0,57.0,73.0,14.2,14.0,7022.0,52.0
Yes,2929.0,1834.0,622.0,20.0,56.0,2738.0,1662.0,12600.0,5610.0,450.0,3160.0,90.0,90.0,15.1,9.0,9084.0,84.0
Yes,4010.0,2402.0,572.0,36.0,59.0,2018.0,226.0,18730.0,5740.0,600.0,1e3,93.0,96.0,10.5,38.0,15365.0,92.0
Yes,544.0,399.0,177.0,15.0,35.0,600.0,363.0,6987.0,3585.0,750.0,1500.0,77.0,83.0,12.5,12.0,9067.0,75.0
Yes,979.0,638.0,271.0,31.0,70.0,968.0,20.0,16880.0,3970.0,920.0,1320.0,91.0,94.0,10.7,19.0,15687.0,77.0
Yes,497.0,452.0,231.0,24.0,47.0,887.0,1957.0,9400.0,4005.0,500.0,1e3,49.0,65.0,17.2,25.0,4054.0,57.0
No,2336.0,1725.0,1043.0,10.0,27.0,5438.0,4058.0,4752.0,3040.0,508.0,1463.0,48.0,82.0,18.4,12.0,5879.0,26.0
Yes,831.0,538.0,224.0,15.0,35.0,840.0,325.0,5170.0,3430.0,600.0,1590.0,61.0,61.0,16.1,10.0,5531.0,60.0
No,1166.0,1009.0,510.0,9.0,33.0,2074.0,341.0,4938.0,2987.0,528.0,1702.0,67.0,77.0,17.0,11.0,6119.0,51.0
Yes,1243.0,947.0,324.0,50.0,77.0,1129.0,74.0,17163.0,3891.0,525.0,975.0,76.0,92.0,10.1,57.0,13965.0,77.0
Yes,1470.0,1199.0,425.0,21.0,76.0,1820.0,558.0,11040.0,4840.0,400.0,900.0,89.0,92.0,13.3,28.0,8118.0,94.0
Yes,1386.0,1060.0,320.0,28.0,56.0,965.0,502.0,13850.0,4755.0,400.0,1125.0,84.0,84.0,12.3,30.0,8196.0,85.0
Yes,6397.0,4304.0,1092.0,40.0,84.0,4298.0,132.0,18700.0,5580.0,750.0,1130.0,96.0,99.0,12.5,43.0,14665.0,91.0
Yes,979.0,743.0,259.0,25.0,46.0,1188.0,166.0,10100.0,4e3,400.0,1e3,88.0,92.0,12.0,20.0,8539.0,66.0
Yes,244.0,198.0,82.0,12.0,33.0,1134.0,336.0,11700.0,5300.0,550.0,805.0,71.0,88.0,27.8,18.0,8694.0,58.0
Yes,477.0,417.0,204.0,29.0,54.0,1532.0,77.0,8840.0,4240.0,600.0,1400.0,58.0,70.0,20.8,23.0,6863.0,56.0
Yes,2774.0,2092.0,482.0,35.0,64.0,1763.0,59.0,15800.0,4790.0,450.0,950.0,97.0,98.0,12.3,21.0,12999.0,69.0
Yes,1154.0,1050.0,395.0,12.0,31.0,2192.0,1423.0,10560.0,4520.0,500.0,1200.0,36.0,48.0,14.3,10.0,7701.0,61.0
Yes,787.0,562.0,363.0,21.0,55.0,925.0,605.0,5950.0,2890.0,600.0,1300.0,67.0,72.0,14.6,35.0,5177.0,53.0
No,1660.0,1091.0,326.0,15.0,41.0,1196.0,33.0,4818.0,3400.0,350.0,1400.0,71.0,72.0,12.6,8.0,10912.0,45.0
Yes,810.0,484.0,356.0,6.0,33.0,2155.0,191.0,9200.0,4800.0,1e3,4200.0,65.0,85.0,24.1,9.0,3480.0,100.0
Yes,1561.0,1188.0,458.0,48.0,72.0,1548.0,840.0,13380.0,4210.0,500.0,900.0,89.0,91.0,17.8,34.0,8747.0,81.0
Yes,900.0,473.0,217.0,22.0,47.0,621.0,11.0,4400.0,3400.0,800.0,900.0,53.0,93.0,10.4,16.0,9268.0,92.0
No,3570.0,2215.0,651.0,17.0,41.0,3390.0,325.0,7352.0,3620.0,225.0,500.0,47.0,55.0,16.1,14.0,6374.0,63.0
No,2747.0,1870.0,724.0,12.0,47.0,2874.0,118.0,7920.0,3962.0,550.0,2200.0,74.0,80.0,18.4,23.0,5553.0,62.0
Yes,1641.0,1283.0,527.0,20.0,39.0,1663.0,170.0,11200.0,4e3,500.0,1200.0,61.0,62.0,14.2,24.0,7578.0,70.0
Yes,2013.0,1053.0,212.0,33.0,61.0,912.0,158.0,5150.0,3036.0,500.0,1655.0,64.0,74.0,10.5,11.0,7547.0,59.0
No,5996.0,4993.0,3079.0,29.0,57.0,16269.0,3757.0,5925.0,2980.0,600.0,2242.0,83.0,87.0,15.9,11.0,6741.0,37.0
No,2397.0,2144.0,1525.0,22.0,45.0,6720.0,1822.0,3957.0,2325.0,618.0,1656.0,66.0,77.0,20.0,13.0,4546.0,45.0
Yes,4076.0,3137.0,738.0,25.0,54.0,3010.0,184.0,12990.0,6300.0,600.0,900.0,86.0,88.0,14.7,27.0,9448.0,80.0
Yes,3768.0,2662.0,753.0,42.0,64.0,3558.0,436.0,13592.0,5916.0,545.0,1328.0,84.0,88.0,14.2,10.0,11677.0,84.0
Yes,1891.0,1698.0,719.0,24.0,80.0,2740.0,761.0,11100.0,5870.0,600.0,750.0,77.0,88.0,11.7,14.0,9456.0,53.0
Yes,3579.0,2959.0,868.0,25.0,55.0,5244.0,3417.0,11500.0,5330.0,700.0,2e3,94.0,95.0,6.2,15.0,13009.0,65.0
Yes,1549.0,1392.0,587.0,38.0,72.0,2269.0,85.0,13240.0,3560.0,600.0,400.0,73.0,85.0,13.8,38.0,8949.0,77.0
Yes,1286.0,1005.0,363.0,16.0,37.0,1363.0,74.0,13900.0,4300.0,500.0,900.0,75.0,81.0,14.0,32.0,8024.0,72.0
Yes,1756.0,1500.0,366.0,3.0,21.0,1524.0,280.0,12450.0,5400.0,450.0,870.0,62.0,66.0,12.4,24.0,8832.0,70.0
No,535.0,502.0,223.0,6.0,20.0,959.0,150.0,7320.0,4640.0,500.0,600.0,48.0,65.0,12.6,15.0,7114.0,51.0
Yes,2939.0,1496.0,452.0,56.0,86.0,1723.0,113.0,15909.0,4772.0,500.0,700.0,85.0,91.0,11.9,37.0,14213.0,77.0
Yes,740.0,558.0,177.0,12.0,29.0,628.0,63.0,9620.0,3750.0,550.0,950.0,49.0,55.0,10.8,33.0,10642.0,59.0
Yes,874.0,758.0,428.0,21.0,46.0,1605.0,246.0,9858.0,3700.0,450.0,1200.0,42.0,45.0,17.6,16.0,4796.0,55.0
Yes,1004.0,802.0,239.0,23.0,63.0,909.0,51.0,10440.0,3850.0,525.0,1450.0,63.0,72.0,11.8,20.0,7940.0,64.0
Yes,2432.0,1730.0,563.0,20.0,63.0,2578.0,254.0,12370.0,6800.0,500.0,1800.0,92.0,92.0,13.6,25.0,10062.0,79.0
Yes,962.0,750.0,212.0,21.0,54.0,830.0,150.0,14700.0,6550.0,450.0,400.0,97.0,97.0,11.3,24.0,11291.0,70.0
No,3073.0,2672.0,1547.0,9.0,29.0,9649.0,1792.0,4300.0,2643.0,450.0,1660.0,57.0,68.0,19.0,11.0,5801.0,68.0
Yes,824.0,670.0,337.0,15.0,41.0,1160.0,653.0,9400.0,3400.0,500.0,1100.0,37.0,37.0,8.4,21.0,5352.0,59.0
Yes,1611.0,960.0,342.0,27.0,60.0,1089.0,210.0,13850.0,3920.0,470.0,810.0,80.0,97.0,13.2,30.0,10223.0,96.0
Yes,4731.0,3171.0,830.0,12.0,31.0,3557.0,658.0,10700.0,5925.0,550.0,1200.0,74.0,81.0,17.6,34.0,8408.0,69.0
Yes,5152.0,4600.0,1685.0,36.0,71.0,7016.0,804.0,11610.0,4760.0,600.0,1950.0,86.0,94.0,13.5,25.0,9982.0,77.0
Yes,4226.0,3666.0,2007.0,14.0,60.0,7703.0,2339.0,5094.0,4010.0,700.0,1560.0,77.0,86.0,16.6,10.0,6203.0,50.0
Yes,499.0,441.0,199.0,26.0,52.0,846.0,377.0,11200.0,7400.0,600.0,1300.0,66.0,79.0,6.8,50.0,10819.0,90.0
No,4350.0,2178.0,756.0,39.0,78.0,2997.0,736.0,6490.0,4942.0,650.0,2102.0,75.0,80.0,17.6,30.0,5358.0,84.0
Yes,478.0,327.0,117.0,9.0,34.0,731.0,370.0,11510.0,6450.0,575.0,1075.0,71.0,93.0,10.3,30.0,10502.0,77.0
Yes,695.0,535.0,239.0,21.0,30.0,988.0,785.0,10200.0,7e3,350.0,1100.0,63.0,76.0,11.7,20.0,10622.0,68.0
Yes,941.0,772.0,214.0,10.0,30.0,1247.0,776.0,11390.0,5280.0,500.0,750.0,77.0,82.0,10.6,17.0,8575.0,55.0
Yes,1464.0,888.0,176.0,26.0,52.0,624.0,128.0,11200.0,4208.0,500.0,1642.0,80.0,90.0,11.1,43.0,8317.0,51.0
Yes,549.0,397.0,169.0,26.0,51.0,1343.0,1751.0,9250.0,4550.0,425.0,1350.0,52.0,58.0,13.1,13.0,5925.0,61.0
Yes,1107.0,859.0,323.0,13.0,51.0,1452.0,402.0,11040.0,4500.0,600.0,700.0,65.0,76.0,11.8,30.0,9034.0,66.0
Yes,6411.0,2140.0,1078.0,96.0,99.0,4481.0,28.0,20100.0,5975.0,725.0,1600.0,99.0,99.0,10.1,35.0,33541.0,94.0
No,233.0,233.0,153.0,5.0,12.0,658.0,58.0,4486.0,2516.0,600.0,1900.0,68.0,68.0,15.7,11.0,6971.0,51.0
Yes,1002.0,555.0,119.0,16.0,43.0,836.0,684.0,7680.0,3740.0,500.0,800.0,70.0,74.0,17.7,21.0,6652.0,52.0
Yes,578.0,411.0,187.0,25.0,50.0,880.0,477.0,6930.0,3452.0,400.0,1525.0,57.0,64.0,11.0,11.0,6383.0,32.0
Yes,420.0,293.0,93.0,11.0,32.0,336.0,80.0,7950.0,3750.0,600.0,2740.0,54.0,54.0,9.8,45.0,9754.0,48.0
Yes,2286.0,1668.0,564.0,37.0,70.0,2943.0,1260.0,11985.0,4081.0,400.0,1500.0,93.0,95.0,9.2,15.0,8995.0,91.0
Yes,1557.0,1074.0,397.0,15.0,40.0,1805.0,433.0,9813.0,4050.0,425.0,1e3,45.0,63.0,16.7,29.0,7307.0,78.0
Yes,857.0,772.0,376.0,25.0,58.0,1721.0,470.0,6720.0,3250.0,450.0,1520.0,77.0,82.0,13.9,33.0,6881.0,82.0
Yes,1981.0,1541.0,514.0,18.0,36.0,1927.0,1084.0,12500.0,6200.0,375.0,1e3,73.0,75.0,16.8,22.0,8707.0,80.0
No,1584.0,1456.0,891.0,6.0,18.0,3471.0,911.0,5016.0,3798.0,540.0,2256.0,48.0,48.0,28.8,12.0,3871.0,59.0
Yes,1742.0,1382.0,607.0,30.0,64.0,2258.0,53.0,10300.0,5080.0,475.0,1200.0,68.0,75.0,14.1,30.0,7762.0,89.0
No,9239.0,7788.0,3290.0,35.0,39.0,13606.0,807.0,8856.0,3960.0,500.0,1382.0,81.0,89.0,17.6,20.0,7846.0,85.0
No,18114.0,15096.0,6180.0,23.0,57.0,26640.0,4120.0,10658.0,3734.0,504.0,600.0,93.0,95.0,14.0,9.0,10520.0,71.0
No,2618.0,2288.0,1032.0,42.0,77.0,5524.0,414.0,8127.0,3978.0,900.0,1200.0,82.0,82.0,17.0,25.0,7473.0,65.0
Yes,331.0,331.0,225.0,15.0,36.0,1100.0,166.0,6840.0,3720.0,1100.0,4913.0,33.0,33.0,15.4,20.0,5524.0,49.0
No,6011.0,3075.0,960.0,22.0,60.0,5146.0,1532.0,7844.0,3830.0,450.0,1258.0,72.0,74.0,16.8,20.0,7832.0,71.0
Yes,610.0,461.0,189.0,26.0,52.0,685.0,49.0,8200.0,3300.0,550.0,1e3,63.0,69.0,12.0,16.0,8128.0,64.0
Yes,1444.0,1261.0,456.0,29.0,62.0,1788.0,95.0,11910.0,4378.0,450.0,965.0,60.0,77.0,11.4,25.0,8149.0,75.0
Yes,905.0,834.0,319.0,32.0,61.0,1073.0,179.0,11320.0,4402.0,550.0,1350.0,82.0,89.0,12.7,38.0,11218.0,58.0
Yes,1217.0,1088.0,496.0,36.0,69.0,1773.0,884.0,11505.0,3255.0,1e3,2075.0,35.0,46.0,16.7,23.0,7140.0,67.0
Yes,594.0,385.0,307.0,36.0,57.0,1695.0,721.0,5580.0,2830.0,600.0,700.0,77.0,79.0,16.5,18.0,6170.0,61.0
No,4255.0,3277.0,1609.0,18.0,57.0,10094.0,1621.0,9866.0,3084.0,480.0,1479.0,77.0,77.0,15.9,20.0,6223.0,53.0
No,480.0,405.0,380.0,19.0,46.0,1673.0,1014.0,4386.0,2217.0,600.0,1500.0,49.0,54.0,15.8,8.0,5704.0,63.0
No,1576.0,1326.0,913.0,13.0,50.0,3689.0,2200.0,3840.0,2852.0,200.0,400.0,52.0,54.0,20.3,9.0,4172.0,100.0
Yes,1310.0,983.0,316.0,5.0,35.0,1057.0,175.0,8550.0,5050.0,400.0,900.0,35.0,67.0,17.4,16.0,4333.0,27.0
Yes,601.0,503.0,204.0,28.0,57.0,671.0,11.0,13e3,4100.0,400.0,460.0,91.0,91.0,11.6,43.0,11087.0,56.0
Yes,2707.0,1881.0,478.0,14.0,34.0,1893.0,847.0,12480.0,5290.0,530.0,1740.0,70.0,85.0,14.2,15.0,9492.0,54.0
No,572.0,544.0,320.0,45.0,72.0,1470.0,416.0,6073.0,3400.0,550.0,1400.0,71.0,71.0,16.4,31.0,6112.0,74.0
No,3500.0,2836.0,1779.0,15.0,42.0,8730.0,993.0,5552.0,3710.0,550.0,2300.0,75.0,83.0,17.6,8.0,6324.0,37.0
No,5220.0,2128.0,865.0,19.0,53.0,6411.0,3186.0,3648.0,4834.0,700.0,950.0,82.0,87.0,21.5,9.0,6717.0,58.0
Yes,263.0,223.0,103.0,10.0,24.0,316.0,20.0,8438.0,3372.0,500.0,2958.0,42.0,50.0,11.1,4.0,11989.0,15.0
No,2442.0,2164.0,1189.0,12.0,37.0,5983.0,1075.0,4426.0,2664.0,600.0,1e3,76.0,81.0,18.1,19.0,4795.0,60.0
Yes,1232.0,955.0,303.0,23.0,58.0,1241.0,485.0,14990.0,4730.0,550.0,1250.0,86.0,92.0,15.2,28.0,9566.0,74.0
Yes,3708.0,1678.0,722.0,41.0,66.0,2852.0,153.0,7050.0,5490.0,250.0,600.0,71.0,74.0,17.8,10.0,8122.0,83.0
Yes,586.0,533.0,239.0,16.0,36.0,950.0,228.0,10520.0,3678.0,500.0,1e3,48.0,68.0,13.0,32.0,8111.0,56.0
Yes,882.0,730.0,330.0,2.0,13.0,926.0,12.0,4515.0,2550.0,850.0,2100.0,53.0,60.0,18.6,34.0,6990.0,60.0
Yes,1800.0,1314.0,526.0,47.0,79.0,1891.0,40.0,19300.0,5700.0,750.0,750.0,79.0,91.0,9.0,51.0,18359.0,84.0
Yes,279.0,276.0,126.0,17.0,37.0,600.0,435.0,6844.0,2980.0,500.0,500.0,45.0,55.0,11.7,38.0,5073.0,44.0
Yes,235.0,217.0,121.0,12.0,32.0,931.0,487.0,8950.0,3119.0,550.0,1125.0,51.0,51.0,10.7,26.0,7016.0,78.0
Yes,368.0,317.0,159.0,20.0,49.0,806.0,542.0,10500.0,3555.0,500.0,2285.0,44.0,50.0,11.3,30.0,6695.0,64.0
Yes,325.0,284.0,95.0,16.0,33.0,364.0,88.0,9900.0,3650.0,500.0,1200.0,32.0,37.0,13.6,43.0,6525.0,21.0
Yes,1321.0,1159.0,328.0,15.0,36.0,1243.0,79.0,12850.0,6200.0,550.0,900.0,77.0,82.0,12.8,36.0,8536.0,80.0
Yes,1170.0,695.0,238.0,14.0,48.0,1170.0,429.0,7470.0,4600.0,250.0,1400.0,74.0,75.0,15.3,23.0,6898.0,88.0
Yes,657.0,537.0,113.0,37.0,90.0,1039.0,466.0,12474.0,5678.0,630.0,1278.0,53.0,71.0,11.9,19.0,10613.0,72.0
Yes,1310.0,1086.0,458.0,26.0,61.0,1365.0,144.0,12250.0,3530.0,400.0,1150.0,85.0,87.0,16.7,35.0,7215.0,81.0
Yes,510.0,485.0,334.0,18.0,36.0,1114.0,94.0,7400.0,3346.0,600.0,600.0,57.0,57.0,19.8,7.0,6869.0,58.0
Yes,2519.0,1836.0,462.0,30.0,61.0,1656.0,352.0,16975.0,4565.0,600.0,850.0,76.0,86.0,12.8,39.0,10888.0,83.0
No,2225.0,1910.0,1190.0,29.0,55.0,5968.0,955.0,4738.0,3110.0,700.0,940.0,72.0,76.0,20.2,27.0,5972.0,52.0
Yes,1109.0,922.0,375.0,24.0,46.0,1115.0,70.0,13240.0,3914.0,600.0,800.0,73.0,85.0,13.4,27.0,9333.0,73.0
Yes,513.0,347.0,279.0,23.0,48.0,2508.0,505.0,9090.0,4500.0,650.0,500.0,62.0,65.0,18.3,2.0,7905.0,71.0
Yes,947.0,798.0,266.0,36.0,68.0,1274.0,471.0,10850.0,5150.0,550.0,800.0,77.0,93.0,13.6,24.0,8797.0,61.0
No,1879.0,1216.0,483.0,27.0,62.0,3311.0,1646.0,8832.0,5376.0,700.0,1850.0,92.0,98.0,13.5,19.0,12529.0,72.0
No,787.0,601.0,233.0,40.0,73.0,1017.0,411.0,5376.0,3214.0,600.0,1100.0,99.0,100.0,13.7,11.0,9241.0,34.0
Yes,13594.0,7244.0,2505.0,70.0,86.0,12408.0,2814.0,17748.0,7262.0,450.0,1e3,87.0,98.0,7.8,16.0,21227.0,71.0
Yes,872.0,722.0,154.0,14.0,36.0,601.0,36.0,10194.0,2600.0,500.0,1500.0,57.0,63.0,11.4,32.0,5788.0,83.0
Yes,2220.0,1796.0,467.0,65.0,99.0,1919.0,334.0,10320.0,4762.0,450.0,650.0,68.0,100.0,14.2,20.0,7788.0,65.0
No,1563.0,1005.0,240.0,1.0,19.0,1380.0,136.0,5542.0,4330.0,500.0,1e3,65.0,71.0,14.2,17.0,6562.0,57.0
No,4809.0,3089.0,1429.0,12.0,33.0,6162.0,871.0,6806.0,1780.0,600.0,1651.0,72.0,72.0,16.7,9.0,7090.0,44.0
No,10634.0,7064.0,3176.0,39.0,78.0,16505.0,5481.0,8400.0,6540.0,600.0,1300.0,92.0,98.0,17.5,21.0,9670.0,62.0
Yes,812.0,689.0,195.0,7.0,24.0,646.0,84.0,8242.0,4230.0,600.0,1295.0,77.0,77.0,12.7,11.0,10090.0,52.0
Yes,1127.0,884.0,308.0,30.0,64.0,1310.0,766.0,11718.0,7398.0,450.0,1800.0,73.0,87.0,16.4,33.0,8871.0,76.0
No,2968.0,2297.0,1610.0,13.0,47.0,7368.0,1128.0,5834.0,2744.0,600.0,2e3,79.0,83.0,17.0,24.0,6310.0,42.0
Yes,465.0,361.0,176.0,19.0,39.0,879.0,156.0,12580.0,4345.0,400.0,970.0,76.0,79.0,13.1,24.0,10889.0,74.0
No,6040.0,4577.0,1620.0,36.0,72.0,5640.0,266.0,4856.0,3416.0,400.0,1100.0,69.0,72.0,15.7,13.0,6601.0,76.0
Yes,11901.0,8492.0,2517.0,16.0,42.0,11160.0,10221.0,13380.0,7425.0,600.0,1750.0,73.0,82.0,12.9,17.0,9563.0,46.0
No,5891.0,4931.0,1973.0,23.0,48.0,11249.0,2682.0,6746.0,3728.0,620.0,2342.0,78.0,83.0,21.7,7.0,6157.0,41.0
No,10706.0,7219.0,2397.0,12.0,37.0,14826.0,1979.0,7799.0,3296.0,470.0,1750.0,73.0,78.0,17.3,11.0,6086.0,56.0
No,2729.0,2535.0,1257.0,8.0,29.0,4787.0,472.0,3735.0,3136.0,250.0,1630.0,62.0,65.0,21.7,23.0,5284.0,54.0
Yes,616.0,514.0,385.0,29.0,52.0,1115.0,60.0,9840.0,2820.0,450.0,822.0,59.0,59.0,14.8,20.0,6261.0,58.0
Yes,860.0,811.0,366.0,22.0,56.0,1040.0,52.0,9900.0,3075.0,300.0,1800.0,68.0,68.0,14.9,34.0,6357.0,68.0
Yes,12289.0,5200.0,1902.0,85.0,98.0,7450.0,45.0,16404.0,5520.0,759.0,1585.0,96.0,100.0,6.8,25.0,26385.0,92.0
Yes,1743.0,1625.0,626.0,8.0,29.0,1862.0,382.0,14134.0,5270.0,500.0,800.0,71.0,74.0,13.1,22.0,9209.0,63.0
Yes,379.0,324.0,107.0,15.0,37.0,500.0,311.0,9990.0,4900.0,400.0,600.0,44.0,47.0,12.1,26.0,4948.0,33.0
No,3041.0,2581.0,1173.0,16.0,56.0,6441.0,3982.0,9114.0,4030.0,400.0,650.0,88.0,90.0,19.7,13.0,6637.0,53.0
Yes,4778.0,2767.0,678.0,50.0,89.0,2587.0,120.0,19670.0,5820.0,575.0,1119.0,77.0,96.0,10.1,47.0,16593.0,83.0
Yes,2324.0,1319.0,370.0,52.0,81.0,1686.0,35.0,16560.0,5140.0,558.0,1152.0,91.0,93.0,10.5,30.0,16196.0,79.0
Yes,792.0,649.0,186.0,56.0,87.0,769.0,377.0,12900.0,4340.0,600.0,4110.0,91.0,95.0,13.1,27.0,8568.0,67.0
Yes,2936.0,2342.0,669.0,35.0,62.0,2502.0,66.0,15990.0,4080.0,600.0,825.0,73.0,78.0,14.5,31.0,9979.0,83.0
No,11023.0,8298.0,3183.0,21.0,54.0,14861.0,1310.0,7629.0,4095.0,550.0,2300.0,79.0,87.0,20.4,13.0,8811.0,64.0
Yes,2190.0,1700.0,458.0,36.0,65.0,1780.0,48.0,16732.0,5650.0,550.0,550.0,93.0,93.0,12.1,32.0,12011.0,75.0
Yes,758.0,681.0,484.0,35.0,59.0,1707.0,705.0,5390.0,3140.0,515.0,1290.0,63.0,71.0,15.1,18.0,5511.0,50.0
Yes,776.0,765.0,351.0,22.0,44.0,1419.0,228.0,6400.0,3150.0,500.0,1900.0,58.0,64.0,16.2,8.0,6578.0,45.0
No,4522.0,3913.0,2181.0,29.0,57.0,12830.0,1658.0,5336.0,3344.0,800.0,3100.0,84.0,92.0,15.3,14.0,6433.0,48.0
Yes,1496.0,1205.0,428.0,26.0,57.0,1648.0,936.0,12888.0,4440.0,420.0,840.0,62.0,68.0,13.9,30.0,8802.0,87.0
Yes,910.0,773.0,450.0,31.0,73.0,1310.0,61.0,6530.0,2800.0,500.0,1500.0,63.0,67.0,13.3,10.0,6413.0,65.0
Yes,2308.0,1336.0,295.0,22.0,46.0,1202.0,942.0,8530.0,3644.0,616.0,1576.0,56.0,64.0,14.9,25.0,7114.0,37.0
Yes,8256.0,3750.0,1522.0,37.0,70.0,5809.0,4379.0,11e3,5160.0,660.0,1115.0,90.0,95.0,13.8,10.0,10059.0,62.0
Yes,1603.0,1392.0,504.0,31.0,68.0,2580.0,302.0,13312.0,4488.0,600.0,1516.0,78.0,78.0,11.0,23.0,9431.0,83.0
Yes,940.0,668.0,385.0,20.0,48.0,1316.0,139.0,11925.0,3825.0,630.0,1926.0,48.0,87.0,12.3,12.0,9157.0,69.0
Yes,943.0,849.0,288.0,41.0,71.0,1041.0,35.0,14210.0,3994.0,450.0,1100.0,76.0,76.0,10.9,22.0,11216.0,42.0
No,944.0,774.0,440.0,14.0,34.0,2174.0,529.0,6360.0,2760.0,550.0,1498.0,77.0,77.0,15.0,5.0,6443.0,48.0
No,19315.0,10344.0,3450.0,48.0,93.0,28938.0,2025.0,10645.0,4060.0,512.0,2394.0,77.0,96.0,18.1,19.0,8992.0,63.0
Yes,3821.0,2037.0,680.0,86.0,96.0,2488.0,625.0,18200.0,6770.0,500.0,700.0,95.0,98.0,11.6,13.0,16185.0,66.0
No,701.0,501.0,458.0,10.0,40.0,959.0,457.0,2580.0,2624.0,500.0,900.0,48.0,100.0,20.1,24.0,4870.0,44.0
Yes,838.0,651.0,159.0,11.0,25.0,654.0,162.0,8640.0,3700.0,400.0,1915.0,62.0,62.0,12.2,13.0,7634.0,48.0
Yes,1538.0,1259.0,468.0,19.0,42.0,1664.0,1042.0,11690.0,5062.0,600.0,1664.0,48.0,80.0,12.9,15.0,8028.0,68.0
Yes,692.0,576.0,174.0,19.0,50.0,597.0,83.0,10500.0,3860.0,600.0,940.0,58.0,64.0,11.6,19.0,8990.0,39.0
Yes,663.0,562.0,127.0,20.0,40.0,641.0,63.0,5640.0,3620.0,600.0,750.0,89.0,89.0,13.2,17.0,7309.0,31.0
Yes,404.0,400.0,169.0,28.0,48.0,797.0,100.0,6e3,3e3,500.0,500.0,48.0,57.0,13.4,14.0,5557.0,61.0
Yes,1133.0,630.0,220.0,37.0,73.0,750.0,30.0,17688.0,5900.0,650.0,850.0,100.0,100.0,10.4,11.0,14820.0,73.0
Yes,809.0,687.0,428.0,20.0,43.0,1889.0,217.0,10178.0,4190.0,800.0,750.0,71.0,71.0,16.1,19.0,7895.0,54.0
Yes,875.0,744.0,207.0,7.0,38.0,1173.0,1402.0,9700.0,4830.0,400.0,1200.0,45.0,90.0,14.5,10.0,7652.0,66.0
Yes,1132.0,847.0,302.0,58.0,89.0,1379.0,214.0,16200.0,4200.0,436.0,2486.0,90.0,90.0,10.4,14.0,14329.0,62.0
No,2405.0,2234.0,1061.0,10.0,22.0,4564.0,448.0,4290.0,3500.0,598.0,1582.0,55.0,93.0,19.4,1.0,5967.0,35.0
Yes,1082.0,832.0,302.0,34.0,63.0,1133.0,30.0,11859.0,3635.0,554.0,1429.0,80.0,85.0,13.4,42.0,8354.0,85.0
Yes,13218.0,2042.0,1153.0,90.0,98.0,4540.0,146.0,19900.0,5910.0,675.0,1575.0,91.0,96.0,8.4,54.0,28320.0,99.0
Yes,5139.0,3346.0,973.0,20.0,55.0,3717.0,1358.0,14400.0,6200.0,450.0,1100.0,66.0,74.0,18.4,35.0,8135.0,96.0
No,21804.0,18744.0,5874.0,29.0,60.0,26213.0,4065.0,9556.0,3990.0,570.0,1060.0,86.0,86.0,18.2,15.0,8604.0,67.0
Yes,516.0,392.0,154.0,32.0,62.0,630.0,549.0,11020.0,4970.0,610.0,1900.0,73.0,75.0,14.0,36.0,9315.0,58.0
Yes,1025.0,707.0,297.0,22.0,66.0,1070.0,72.0,10100.0,4140.0,450.0,1080.0,69.0,71.0,16.3,32.0,6880.0,80.0
Yes,3712.0,2153.0,806.0,17.0,45.0,2677.0,714.0,12030.0,6140.0,1e3,500.0,63.0,73.0,12.0,33.0,8847.0,86.0
No,5702.0,4894.0,1742.0,15.0,37.0,8077.0,472.0,6684.0,4110.0,500.0,900.0,73.0,83.0,19.6,9.0,4519.0,62.0
No,2088.0,957.0,362.0,6.0,29.0,2745.0,1938.0,4449.0,4860.0,600.0,1655.0,74.0,95.0,17.8,8.0,7333.0,47.0
Yes,1771.0,1325.0,306.0,21.0,46.0,1071.0,27.0,13840.0,3735.0,400.0,900.0,77.0,80.0,10.7,38.0,11080.0,74.0
Yes,696.0,616.0,169.0,35.0,66.0,653.0,56.0,13970.0,6110.0,370.0,920.0,88.0,97.0,9.2,24.0,16358.0,68.0
Yes,1966.0,1436.0,327.0,47.0,80.0,1199.0,61.0,19960.0,5490.0,500.0,450.0,90.0,90.0,11.8,37.0,15886.0,68.0
Yes,427.0,385.0,143.0,18.0,38.0,581.0,533.0,12700.0,5800.0,450.0,700.0,81.0,85.0,10.3,37.0,11758.0,84.0
Yes,4996.0,4165.0,936.0,53.0,82.0,4291.0,16.0,17475.0,5976.0,1230.0,1100.0,94.0,98.0,15.4,21.0,15605.0,70.0
Yes,2302.0,1831.0,391.0,58.0,82.0,1345.0,59.0,15200.0,4768.0,550.0,1500.0,90.0,96.0,10.8,47.0,13388.0,77.0
Yes,3586.0,2424.0,730.0,16.0,31.0,2748.0,1309.0,13250.0,5420.0,700.0,3100.0,84.0,92.0,12.3,23.0,11299.0,70.0
Yes,587.0,501.0,211.0,28.0,52.0,735.0,28.0,15200.0,4100.0,350.0,650.0,87.0,90.0,9.4,49.0,12472.0,64.0
Yes,484.0,386.0,141.0,6.0,28.0,590.0,1196.0,9870.0,4860.0,600.0,1100.0,59.0,59.0,12.2,19.0,6744.0,81.0
Yes,2227.0,1790.0,437.0,27.0,54.0,1460.0,239.0,13425.0,4425.0,450.0,1200.0,85.0,89.0,13.0,26.0,9405.0,72.0
Yes,935.0,858.0,345.0,22.0,50.0,1127.0,754.0,9490.0,4100.0,500.0,1500.0,60.0,79.0,10.7,21.0,7519.0,79.0
Yes,560.0,392.0,270.0,11.0,31.0,743.0,118.0,8734.0,3362.0,600.0,625.0,56.0,78.0,11.3,27.0,6422.0,68.0
Yes,3304.0,2804.0,679.0,10.0,20.0,2111.0,1489.0,12520.0,6050.0,500.0,730.0,44.0,54.0,16.4,8.0,7957.0,61.0
Yes,1777.0,1151.0,382.0,31.0,55.0,1668.0,1052.0,16425.0,5220.0,955.0,750.0,81.0,85.0,13.3,23.0,11561.0,90.0
Yes,434.0,321.0,141.0,28.0,53.0,624.0,269.0,10950.0,4600.0,550.0,950.0,79.0,82.0,12.9,30.0,9264.0,81.0
No,3820.0,1431.0,695.0,21.0,70.0,5303.0,3942.0,4356.0,4830.0,800.0,800.0,76.0,81.0,22.1,6.0,7252.0,51.0
No,48094.0,26330.0,4520.0,36.0,79.0,21401.0,3712.0,7410.0,4748.0,690.0,2009.0,90.0,95.0,19.5,19.0,10474.0,77.0
No,3366.0,1752.0,232.0,27.0,79.0,2585.0,1300.0,7411.0,4748.0,690.0,2009.0,90.0,95.0,18.6,12.0,10134.0,57.0
No,5785.0,2690.0,499.0,26.0,62.0,4005.0,1886.0,7410.0,4748.0,690.0,2009.0,90.0,95.0,17.4,16.0,11878.0,58.0
Yes,2307.0,1896.0,509.0,19.0,51.0,1707.0,1889.0,11070.0,5780.0,400.0,600.0,71.0,73.0,14.8,16.0,7120.0,82.0
Yes,897.0,718.0,276.0,12.0,48.0,1345.0,390.0,10450.0,4020.0,500.0,1500.0,56.0,56.0,14.1,16.0,7444.0,70.0
Yes,2095.0,1553.0,514.0,15.0,40.0,1873.0,94.0,12950.0,5400.0,450.0,1120.0,70.0,82.0,14.5,29.0,6719.0,97.0
No,3971.0,3306.0,1921.0,10.0,34.0,11493.0,2206.0,4259.0,2625.0,350.0,1884.0,70.0,75.0,18.9,10.0,4629.0,58.0
Yes,213.0,166.0,85.0,13.0,36.0,513.0,247.0,8670.0,3820.0,450.0,1e3,43.0,78.0,12.5,4.0,7440.0,48.0
Yes,1046.0,824.0,284.0,21.0,45.0,1223.0,451.0,10880.0,5050.0,400.0,1235.0,64.0,64.0,19.3,24.0,7344.0,69.0
Yes,933.0,800.0,444.0,18.0,45.0,1691.0,72.0,12247.0,4081.0,500.0,600.0,76.0,85.0,12.0,38.0,9853.0,70.0
Yes,920.0,684.0,225.0,24.0,42.0,815.0,222.0,11200.0,4250.0,600.0,950.0,55.0,60.0,14.8,19.0,7360.0,67.0
Yes,833.0,682.0,217.0,12.0,33.0,716.0,2196.0,9985.0,5180.0,500.0,800.0,53.0,89.0,27.2,8.0,4322.0,85.0
Yes,2519.0,2003.0,776.0,39.0,71.0,2473.0,1314.0,12750.0,6350.0,350.0,1690.0,84.0,90.0,17.4,13.0,8243.0,83.0
Yes,292.0,241.0,96.0,20.0,52.0,543.0,712.0,12200.0,4600.0,650.0,950.0,87.0,90.0,11.2,32.0,8680.0,76.0
Yes,3294.0,2855.0,956.0,44.0,67.0,4576.0,1140.0,11690.0,4730.0,800.0,6800.0,84.0,94.0,4.6,19.0,18367.0,67.0
Yes,888.0,734.0,393.0,26.0,60.0,1433.0,27.0,12730.0,4514.0,500.0,1525.0,74.0,95.0,9.9,31.0,11165.0,98.0
Yes,876.0,802.0,367.0,14.0,35.0,1263.0,118.0,10800.0,3600.0,400.0,820.0,68.0,74.0,18.8,19.0,5081.0,78.0
Yes,150.0,130.0,88.0,23.0,50.0,341.0,768.0,10300.0,4130.0,500.0,1700.0,44.0,58.0,10.2,37.0,9678.0,75.0
Yes,1910.0,1380.0,463.0,16.0,64.0,1715.0,106.0,13030.0,5860.0,500.0,750.0,79.0,88.0,14.5,34.0,10190.0,84.0
Yes,2248.0,1673.0,745.0,38.0,73.0,2888.0,105.0,14350.0,3750.0,550.0,550.0,82.0,88.0,10.0,31.0,12502.0,83.0
Yes,1606.0,1413.0,530.0,23.0,38.0,1921.0,1154.0,9408.0,5520.0,500.0,450.0,78.0,78.0,12.1,22.0,7669.0,53.0
Yes,700.0,595.0,278.0,19.0,35.0,1035.0,182.0,10850.0,3936.0,500.0,900.0,62.0,64.0,12.3,31.0,8534.0,88.0
Yes,785.0,647.0,295.0,15.0,65.0,1670.0,726.0,10860.0,4624.0,600.0,794.0,87.0,100.0,13.7,15.0,8953.0,55.0
Yes,489.0,384.0,120.0,23.0,52.0,700.0,45.0,10575.0,3952.0,400.0,620.0,46.0,24.0,13.0,9.0,8946.0,98.0
Yes,335.0,284.0,132.0,28.0,69.0,534.0,216.0,10475.0,6300.0,500.0,2e3,68.0,68.0,11.2,46.0,9599.0,60.0
No,4216.0,2290.0,736.0,20.0,52.0,4296.0,1027.0,5130.0,4690.0,600.0,1450.0,73.0,75.0,17.9,18.0,5125.0,56.0
Yes,1680.0,1395.0,691.0,34.0,76.0,2959.0,402.0,8236.0,3700.0,569.0,1650.0,74.0,75.0,14.7,17.0,9533.0,61.0
No,9402.0,7020.0,2151.0,20.0,70.0,16407.0,5550.0,8384.0,5110.0,612.0,2400.0,87.0,93.0,19.5,7.0,7930.0,41.0
Yes,4019.0,2779.0,888.0,40.0,73.0,3891.0,128.0,13584.0,5928.0,630.0,1278.0,88.0,92.0,13.9,19.0,10872.0,100.0
Yes,1380.0,768.0,263.0,57.0,82.0,1e3,105.0,19300.0,6694.0,600.0,700.0,89.0,93.0,6.1,18.0,14779.0,83.0
Yes,1109.0,688.0,386.0,20.0,65.0,1897.0,208.0,8325.0,5e3,1200.0,1600.0,14.0,98.0,16.1,26.0,6874.0,55.0
Yes,584.0,413.0,131.0,19.0,51.0,521.0,99.0,8955.0,5900.0,500.0,1488.0,51.0,56.0,11.8,23.0,8545.0,52.0
Yes,855.0,632.0,139.0,60.0,83.0,569.0,7.0,17238.0,7350.0,600.0,800.0,95.0,100.0,8.2,41.0,18372.0,73.0
Yes,1183.0,1016.0,411.0,42.0,82.0,1922.0,704.0,12669.0,4875.0,600.0,1250.0,83.0,85.0,16.8,20.0,10368.0,66.0
Yes,2115.0,1540.0,494.0,28.0,72.0,2993.0,347.0,12825.0,4375.0,500.0,1500.0,85.0,85.0,12.2,16.0,10175.0,89.0
Yes,4576.0,3565.0,1e3,16.0,36.0,4384.0,1530.0,12e3,6484.0,650.0,1e3,81.0,84.0,14.4,15.0,10080.0,64.0
Yes,936.0,794.0,197.0,24.0,56.0,752.0,210.0,11240.0,4180.0,350.0,2e3,71.0,71.0,11.2,37.0,10065.0,71.0
No,5818.0,3281.0,1116.0,14.0,53.0,5268.0,300.0,7844.0,3504.0,450.0,1700.0,80.0,83.0,18.8,13.0,6719.0,72.0
Yes,540.0,445.0,165.0,23.0,70.0,1115.0,111.0,7210.0,3600.0,500.0,2e3,62.0,65.0,13.2,18.0,7356.0,58.0
Yes,2961.0,1932.0,628.0,24.0,68.0,2669.0,616.0,10800.0,5100.0,575.0,1090.0,71.0,82.0,14.1,42.0,8189.0,100.0
Yes,464.0,419.0,183.0,10.0,31.0,686.0,287.0,9240.0,3880.0,475.0,1090.0,29.0,49.0,7.2,17.0,9431.0,47.0
Yes,1003.0,782.0,295.0,23.0,53.0,1144.0,160.0,16160.0,6950.0,500.0,1200.0,74.0,81.0,8.9,33.0,14086.0,79.0
Yes,1016.0,872.0,300.0,27.0,57.0,1116.0,602.0,11250.0,4980.0,550.0,1400.0,66.0,73.0,15.8,36.0,7411.0,70.0
Yes,437.0,400.0,211.0,13.0,35.0,614.0,271.0,8990.0,3064.0,500.0,1700.0,73.0,73.0,14.8,7.0,7881.0,48.0
Yes,4293.0,2728.0,591.0,25.0,62.0,2322.0,263.0,18710.0,5970.0,500.0,700.0,87.0,92.0,12.7,29.0,14837.0,81.0
Yes,2925.0,1598.0,632.0,51.0,88.0,2479.0,95.0,18820.0,6390.0,500.0,1050.0,85.0,97.0,10.3,44.0,21199.0,90.0
No,2807.0,2589.0,1701.0,13.0,37.0,7e3,1103.0,3811.0,2190.0,500.0,1970.0,62.0,65.0,15.0,29.0,5084.0,67.0
No,2281.0,1870.0,1408.0,18.0,43.0,6553.0,1246.0,4680.0,3540.0,200.0,2150.0,75.0,76.0,17.1,8.0,5916.0,45.0
No,818.0,700.0,447.0,20.0,50.0,2962.0,651.0,3738.0,2619.0,450.0,1022.0,55.0,59.0,19.6,9.0,4444.0,53.0
Yes,385.0,340.0,193.0,18.0,38.0,784.0,127.0,9520.0,4124.0,630.0,1818.0,63.0,65.0,18.6,11.0,8219.0,43.0
No,2540.0,2195.0,994.0,13.0,40.0,6063.0,2550.0,5472.0,3598.0,221.0,2216.0,76.0,81.0,16.5,8.0,7498.0,43.0
Yes,4301.0,3455.0,1166.0,41.0,69.0,4892.0,387.0,12772.0,5078.0,576.0,1802.0,74.0,88.0,13.5,17.0,12726.0,72.0
Yes,1093.0,1093.0,642.0,12.0,32.0,1770.0,967.0,7070.0,2500.0,400.0,1e3,52.0,54.0,15.9,13.0,4718.0,71.0
No,6118.0,5254.0,3204.0,15.0,37.0,13131.0,3374.0,4740.0,2590.0,500.0,1360.0,70.0,75.0,19.9,11.0,4632.0,56.0
No,1047.0,938.0,511.0,13.0,33.0,2091.0,546.0,4285.0,2750.0,600.0,1800.0,58.0,75.0,16.5,31.0,6591.0,51.0
Yes,321.0,318.0,172.0,11.0,27.0,620.0,280.0,7536.0,3736.0,430.0,1651.0,44.0,77.0,13.0,12.0,5309.0,36.0
Yes,213.0,155.0,75.0,28.0,66.0,504.0,147.0,7200.0,3532.0,550.0,1500.0,56.0,56.0,11.8,12.0,7818.0,52.0
Yes,1244.0,912.0,352.0,44.0,77.0,1177.0,43.0,11850.0,4675.0,600.0,1050.0,83.0,89.0,11.3,35.0,12995.0,67.0
Yes,283.0,201.0,97.0,10.0,45.0,589.0,263.0,8400.0,2800.0,600.0,900.0,50.0,56.0,10.6,40.0,6860.0,89.0
Yes,3713.0,1237.0,443.0,47.0,83.0,1971.0,107.0,7e3,5565.0,660.0,2400.0,73.0,80.0,12.5,18.0,9988.0,65.0
Yes,372.0,362.0,181.0,15.0,32.0,1501.0,353.0,8600.0,3550.0,385.0,665.0,48.0,48.0,15.4,9.0,10938.0,49.0
Yes,1489.0,1313.0,375.0,13.0,45.0,1688.0,131.0,10456.0,4927.0,500.0,1050.0,91.0,91.0,17.7,32.0,9828.0,78.0
Yes,323.0,278.0,122.0,31.0,51.0,393.0,4.0,16150.0,5450.0,275.0,800.0,63.0,72.0,7.2,26.0,15622.0,64.0
Yes,1368.0,1064.0,354.0,19.0,51.0,1687.0,677.0,10570.0,5600.0,400.0,800.0,86.0,81.0,14.5,29.0,7908.0,66.0
Yes,2753.0,1820.0,505.0,31.0,56.0,1801.0,45.0,18720.0,5730.0,650.0,825.0,90.0,94.0,11.5,38.0,14980.0,85.0
Yes,191.0,165.0,63.0,5.0,25.0,494.0,574.0,11550.0,4270.0,300.0,500.0,43.0,77.0,14.5,8.0,9209.0,40.0
Yes,2643.0,1611.0,465.0,36.0,80.0,2615.0,248.0,13332.0,6354.0,630.0,1584.0,88.0,89.0,16.1,17.0,9619.0,78.0
No,1340.0,695.0,285.0,42.0,73.0,1315.0,209.0,6800.0,4730.0,675.0,1250.0,84.0,89.0,11.6,23.0,10357.0,63.0
Yes,1243.0,1020.0,414.0,33.0,60.0,2149.0,418.0,8678.0,3858.0,700.0,1736.0,82.0,83.0,16.2,7.0,7651.0,72.0
Yes,1334.0,1243.0,568.0,30.0,56.0,1946.0,95.0,12140.0,4450.0,425.0,1100.0,74.0,78.0,15.1,36.0,8595.0,88.0
Yes,651.0,581.0,243.0,8.0,17.0,617.0,34.0,5e3,3650.0,600.0,600.0,45.0,45.0,14.0,8.0,8426.0,45.0
Yes,861.0,609.0,215.0,10.0,27.0,1117.0,815.0,8650.0,5700.0,500.0,1750.0,69.0,73.0,16.1,13.0,6534.0,67.0
Yes,450.0,405.0,194.0,17.0,34.0,614.0,388.0,13900.0,5200.0,450.0,2150.0,46.0,63.0,10.9,17.0,9995.0,59.0
Yes,1557.0,1227.0,489.0,37.0,69.0,1964.0,81.0,12315.0,4565.0,600.0,1365.0,85.0,90.0,12.5,24.0,10307.0,73.0
Yes,1768.0,1249.0,380.0,51.0,93.0,1263.0,11.0,16900.0,5680.0,450.0,750.0,89.0,89.0,19.0,33.0,12837.0,79.0
No,4019.0,1579.0,710.0,23.0,65.0,4365.0,765.0,3040.0,4351.0,711.0,1125.0,78.0,92.0,19.5,7.0,5599.0,64.0
Yes,3646.0,2300.0,585.0,25.0,69.0,2022.0,926.0,12170.0,6172.0,480.0,800.0,79.0,79.0,13.0,30.0,7495.0,97.0
No,13528.0,9198.0,1843.0,16.0,61.0,10168.0,1231.0,6550.0,4355.0,700.0,1560.0,93.0,96.0,17.4,16.0,9075.0,74.0
No,14463.0,6166.0,1757.0,60.0,94.0,8544.0,671.0,6550.0,4598.0,700.0,1e3,83.0,100.0,18.0,15.0,8055.0,80.0
No,15039.0,9649.0,3087.0,36.0,100.0,13963.0,3124.0,6550.0,4731.0,708.0,957.0,90.0,97.0,13.6,15.0,11177.0,56.0
No,12512.0,6969.0,1724.0,27.0,66.0,9744.0,1351.0,6550.0,4712.0,600.0,1200.0,91.0,96.0,10.5,7.0,13705.0,57.0
No,7294.0,3564.0,904.0,7.0,34.0,5758.0,1363.0,6550.0,4460.0,500.0,705.0,79.0,83.0,19.0,14.0,6632.0,49.0
No,8e3,4556.0,1464.0,17.0,70.0,6943.0,869.0,6550.0,4810.0,500.0,1500.0,69.0,85.0,22.0,21.0,5280.0,63.0
No,5318.0,3515.0,1025.0,8.0,29.0,7626.0,2091.0,6550.0,4040.0,550.0,1230.0,71.0,78.0,18.7,12.0,7511.0,42.0
No,7888.0,3519.0,1036.0,6.0,40.0,5011.0,346.0,6550.0,4680.0,630.0,1274.0,82.0,85.0,17.8,17.0,5563.0,53.0
No,4877.0,2798.0,814.0,13.0,48.0,4123.0,298.0,6550.0,4420.0,620.0,1481.0,82.0,90.0,16.3,10.0,6442.0,66.0
No,8598.0,4562.0,1143.0,56.0,93.0,5060.0,146.0,6550.0,4170.0,600.0,650.0,79.0,84.0,19.1,25.0,5716.0,76.0
No,8399.0,3609.0,656.0,19.0,53.0,4658.0,1478.0,6550.0,4240.0,550.0,1500.0,85.0,93.0,15.3,8.0,6608.0,53.0
No,5549.0,3583.0,853.0,9.0,40.0,5004.0,475.0,6550.0,4176.0,600.0,1380.0,80.0,90.0,17.9,16.0,6174.0,65.0
No,3150.0,2289.0,650.0,16.0,51.0,3598.0,234.0,6840.0,4660.0,500.0,1e3,71.0,75.0,15.1,17.0,6436.0,59.0
No,2119.0,1264.0,390.0,5.0,33.0,2478.0,1441.0,6550.0,4760.0,1125.0,1362.0,80.0,100.0,14.9,8.0,8170.0,46.0
Yes,2096.0,1512.0,465.0,27.0,59.0,1442.0,166.0,16130.0,4710.0,400.0,800.0,83.0,86.0,13.9,37.0,10554.0,90.0
Yes,462.0,402.0,146.0,36.0,68.0,527.0,41.0,14500.0,6e3,500.0,600.0,91.0,99.0,6.5,48.0,18953.0,61.0
Yes,10477.0,7260.0,2442.0,28.0,67.0,10142.0,117.0,15150.0,6870.0,635.0,960.0,73.0,84.0,11.3,13.0,14231.0,67.0
Yes,257.0,183.0,109.0,19.0,41.0,396.0,38.0,7850.0,3410.0,400.0,1500.0,55.0,70.0,10.0,15.0,7233.0,53.0
Yes,4414.0,1500.0,335.0,30.0,60.0,908.0,119.0,5666.0,2964.0,1e3,1400.0,56.0,58.0,15.5,7.0,5970.0,46.0
Yes,1769.0,1092.0,437.0,41.0,80.0,1757.0,81.0,10965.0,4e3,450.0,1250.0,60.0,61.0,14.2,32.0,8294.0,98.0
Yes,232.0,182.0,99.0,7.0,29.0,402.0,237.0,7070.0,3640.0,400.0,3158.0,59.0,65.0,8.9,16.0,6286.0,36.0
No,14474.0,10519.0,6392.0,49.0,85.0,31643.0,2798.0,5130.0,3412.0,600.0,2144.0,89.0,91.0,23.1,29.0,8471.0,69.0
No,529.0,481.0,243.0,22.0,47.0,1206.0,134.0,4860.0,3122.0,600.0,650.0,103.0,88.0,17.4,16.0,6415.0,43.0
Yes,4095.0,3079.0,1195.0,33.0,64.0,5064.0,660.0,8490.0,3320.0,650.0,2400.0,81.0,93.0,14.8,23.0,9158.0,64.0
Yes,497.0,423.0,215.0,27.0,57.0,895.0,429.0,7850.0,3410.0,490.0,1700.0,54.0,58.0,13.8,24.0,7002.0,50.0
No,4345.0,3245.0,2604.0,15.0,85.0,5584.0,3101.0,7860.0,3360.0,600.0,1700.0,65.0,75.0,18.2,21.0,3605.0,10.0
Yes,592.0,501.0,279.0,19.0,44.0,1204.0,392.0,6400.0,3484.0,600.0,1800.0,80.0,83.0,14.5,10.0,7936.0,43.0
No,1500.0,1242.0,611.0,12.0,36.0,2024.0,292.0,7070.0,2439.0,400.0,779.0,95.0,94.0,17.1,17.0,7744.0,84.0
Yes,1154.0,951.0,253.0,15.0,31.0,791.0,140.0,11172.0,4958.0,700.0,1350.0,68.0,76.0,11.6,16.0,9186.0,60.0
Yes,845.0,734.0,254.0,5.0,21.0,662.0,351.0,7600.0,3800.0,600.0,1200.0,59.0,74.0,19.0,40.0,5096.0,39.0
Yes,759.0,729.0,244.0,57.0,81.0,867.0,51.0,10900.0,4450.0,500.0,1e3,81.0,91.0,12.1,41.0,10219.0,70.0
No,5042.0,2312.0,944.0,55.0,94.0,5167.0,902.0,5391.0,5411.0,700.0,1e3,81.0,87.0,14.4,6.0,8504.0,81.0
Yes,1262.0,1102.0,276.0,14.0,40.0,978.0,98.0,9456.0,4350.0,468.0,1323.0,53.0,53.0,12.8,24.0,7603.0,65.0
Yes,3058.0,1798.0,478.0,46.0,84.0,1737.0,244.0,18810.0,5690.0,500.0,680.0,91.0,96.0,10.4,48.0,18034.0,91.0
Yes,247.0,189.0,100.0,19.0,49.0,309.0,639.0,11412.0,6430.0,500.0,900.0,89.0,93.0,8.3,37.0,11806.0,96.0
Yes,222.0,185.0,91.0,16.0,41.0,484.0,541.0,11010.0,5208.0,550.0,500.0,58.0,78.0,10.4,26.0,9586.0,78.0
Yes,2425.0,1818.0,601.0,62.0,93.0,2110.0,95.0,12240.0,5150.0,500.0,490.0,94.0,96.0,9.6,20.0,14703.0,93.0
Yes,7033.0,5125.0,1223.0,47.0,75.0,4941.0,1534.0,19040.0,5950.0,350.0,800.0,98.0,98.0,9.1,21.0,16920.0,74.0
Yes,626.0,372.0,145.0,12.0,34.0,983.0,40.0,7700.0,3400.0,450.0,800.0,70.0,70.0,21.9,28.0,4933.0,52.0
Yes,2267.0,1827.0,611.0,20.0,59.0,2825.0,144.0,6735.0,3395.0,600.0,1425.0,70.0,74.0,12.2,7.0,10872.0,65.0
Yes,484.0,384.0,177.0,9.0,45.0,634.0,78.0,7800.0,2950.0,500.0,600.0,60.0,88.0,14.1,9.0,6864.0,64.0
Yes,3495.0,1712.0,528.0,49.0,84.0,1915.0,123.0,18732.0,6204.0,450.0,1024.0,94.0,96.0,11.5,49.0,15411.0,88.0
No,4800.0,2900.0,1515.0,14.0,48.0,7764.0,1472.0,6874.0,2394.0,518.0,1890.0,73.0,78.0,19.2,14.0,5901.0,56.0
No,1797.0,1260.0,938.0,24.0,35.0,6960.0,4698.0,4440.0,5175.0,750.0,2200.0,96.0,96.0,6.7,16.0,16352.0,33.0
No,3235.0,3108.0,2133.0,25.0,65.0,9978.0,1530.0,5028.0,3300.0,500.0,2e3,73.0,89.0,14.8,10.0,6820.0,39.0
No,19873.0,8252.0,3215.0,95.0,100.0,19532.0,2061.0,11648.0,6246.0,636.0,1933.0,93.0,97.0,15.8,10.0,13919.0,78.0
No,15698.0,10775.0,2478.0,85.0,100.0,12677.0,864.0,12024.0,5302.0,790.0,1818.0,96.0,96.0,16.1,11.0,15934.0,66.0
No,6986.0,2959.0,1918.0,25.0,60.0,12330.0,7152.0,6618.0,4234.0,700.0,1600.0,80.0,98.0,22.2,9.0,6742.0,46.0
Yes,682.0,535.0,204.0,22.0,43.0,771.0,611.0,9500.0,3540.0,400.0,750.0,26.0,58.0,2.5,10.0,7683.0,57.0
Yes,6348.0,2999.0,922.0,68.0,94.0,3340.0,39.0,18930.0,6380.0,500.0,1254.0,99.0,99.0,5.3,36.0,36854.0,90.0
No,6855.0,5553.0,2408.0,26.0,57.0,11036.0,2011.0,8907.0,4697.0,556.0,1851.0,89.0,95.0,10.8,6.0,13889.0,54.0
No,9735.0,7187.0,2064.0,23.0,63.0,12478.0,1660.0,11656.0,5072.0,700.0,2300.0,89.0,95.0,16.0,16.0,10178.0,71.0
Yes,681.0,588.0,246.0,44.0,74.0,1058.0,73.0,10760.0,6230.0,500.0,1200.0,85.0,93.0,13.4,26.0,8731.0,63.0
Yes,6361.0,5293.0,1507.0,26.0,51.0,5889.0,665.0,11380.0,4220.0,500.0,900.0,81.0,85.0,14.8,25.0,8894.0,93.0
Yes,14446.0,10516.0,3252.0,22.0,57.0,14130.0,4522.0,10220.0,4230.0,530.0,1300.0,82.0,87.0,18.3,15.0,10650.0,75.0
Yes,2974.0,2001.0,580.0,29.0,60.0,2666.0,554.0,15192.0,4695.0,400.0,1350.0,84.0,91.0,15.9,21.0,11762.0,67.0
Yes,927.0,731.0,415.0,24.0,50.0,2149.0,2217.0,11130.0,3996.0,600.0,2166.0,72.0,79.0,13.5,14.0,10891.0,51.0
Yes,576.0,558.0,137.0,11.0,39.0,662.0,131.0,10430.0,3620.0,400.0,1500.0,85.0,98.0,16.5,18.0,8767.0,45.0
Yes,2096.0,1626.0,694.0,35.0,67.0,2551.0,407.0,11800.0,4340.0,700.0,960.0,60.0,81.0,15.8,26.0,7780.0,77.0
No,12445.0,8836.0,3623.0,54.0,85.0,24470.0,3286.0,7090.0,4180.0,630.0,1530.0,88.0,97.0,13.4,20.0,14737.0,66.0
No,11220.0,7871.0,3320.0,43.0,79.0,19553.0,2748.0,5697.0,3600.0,525.0,1755.0,88.0,95.0,14.7,22.0,7881.0,63.0
Yes,5081.0,4040.0,1194.0,11.0,26.0,3768.0,1415.0,14220.0,6e3,500.0,1440.0,61.0,76.0,10.7,9.0,10625.0,66.0
No,3580.0,2603.0,1627.0,36.0,69.0,11028.0,2411.0,4460.0,3038.0,687.0,1281.0,85.0,87.0,11.8,6.0,12833.0,54.0
No,14939.0,11652.0,5705.0,52.0,88.0,25422.0,911.0,7560.0,4574.0,500.0,1982.0,87.0,90.0,17.4,13.0,8559.0,81.0
No,8384.0,5727.0,2710.0,22.0,50.0,13518.0,2916.0,7230.0,5088.0,630.0,3228.0,82.0,84.0,10.0,6.0,13883.0,34.0
Yes,1487.0,1276.0,388.0,26.0,51.0,1417.0,1646.0,11120.0,4080.0,525.0,1405.0,55.0,56.0,11.1,23.0,6735.0,69.0
No,8579.0,5561.0,3681.0,25.0,50.0,17880.0,1673.0,6994.0,3384.0,700.0,2681.0,88.0,94.0,13.7,17.0,9657.0,57.0
Yes,1597.0,969.0,226.0,16.0,38.0,1431.0,1522.0,13540.0,5050.0,630.0,2298.0,66.0,68.0,14.1,23.0,10139.0,47.0
No,4777.0,3057.0,1823.0,16.0,33.0,9844.0,6198.0,6540.0,3600.0,530.0,2440.0,84.0,92.0,11.1,24.0,10207.0,31.0
No,1208.0,803.0,438.0,20.0,48.0,1906.0,344.0,6810.0,3970.0,450.0,1647.0,67.0,75.0,15.9,26.0,5712.0,59.0
No,441.0,369.0,172.0,17.0,45.0,633.0,317.0,6600.0,3680.0,600.0,400.0,46.0,46.0,15.1,4.0,5935.0,64.0
No,461.0,381.0,235.0,10.0,40.0,974.0,503.0,6600.0,3630.0,400.0,1675.0,67.0,67.0,15.2,11.0,6408.0,35.0
No,4269.0,2594.0,985.0,27.0,57.0,6476.0,2592.0,8594.0,4408.0,494.0,2768.0,82.0,88.0,18.4,6.0,7618.0,55.0
No,14292.0,10315.0,3409.0,22.0,53.0,19340.0,3991.0,8723.0,5146.0,550.0,1550.0,89.0,92.0,18.1,12.0,9021.0,63.0
No,14438.0,12414.0,3816.0,12.0,39.0,16282.0,1940.0,8566.0,3897.0,500.0,1400.0,88.0,92.0,16.7,15.0,10276.0,68.0
No,3347.0,2597.0,1006.0,10.0,37.0,4664.0,1630.0,6919.0,4500.0,500.0,1250.0,74.0,90.0,15.0,20.0,7462.0,56.0
Yes,7122.0,5386.0,1643.0,42.0,69.0,7760.0,876.0,16500.0,6526.0,630.0,1985.0,82.0,94.0,5.9,17.0,17500.0,59.0
No,19152.0,12940.0,4893.0,66.0,92.0,22045.0,1339.0,15732.0,4659.0,476.0,1600.0,90.0,98.0,11.5,26.0,14847.0,87.0
No,4192.0,3126.0,1656.0,15.0,45.0,5887.0,1254.0,8828.0,3474.0,753.0,2610.0,79.0,91.0,19.0,11.0,6393.0,53.0
No,1458.0,874.0,588.0,56.0,86.0,1846.0,154.0,9843.0,3180.0,600.0,1500.0,74.0,78.0,14.6,16.0,6716.0,51.0
No,11054.0,6397.0,3524.0,26.0,55.0,16502.0,21836.0,8949.0,3744.0,714.0,2910.0,88.0,90.0,12.2,37.0,16122.0,45.0
No,3844.0,3383.0,1669.0,26.0,47.0,7524.0,804.0,4916.0,3810.0,600.0,550.0,81.0,86.0,20.3,14.0,6971.0,53.0
No,6574.0,4637.0,2940.0,32.0,62.0,14782.0,1583.0,9057.0,3485.0,600.0,1983.0,87.0,87.0,12.7,15.0,10145.0,58.0
No,1877.0,1826.0,823.0,49.0,77.0,3926.0,561.0,9057.0,3600.0,700.0,1435.0,88.0,88.0,14.4,23.0,9699.0,49.0
No,1618.0,1141.0,479.0,18.0,54.0,4793.0,4552.0,7246.0,3964.0,500.0,4288.0,71.0,73.0,13.4,15.0,6433.0,48.0
Yes,452.0,331.0,269.0,17.0,54.0,1417.0,301.0,6150.0,3680.0,550.0,1200.0,59.0,63.0,16.6,4.0,5412.0,52.0
No,1351.0,892.0,570.0,18.0,78.0,2385.0,331.0,4440.0,3030.0,300.0,600.0,72.0,72.0,18.9,8.0,5883.0,51.0
No,6277.0,6003.0,3526.0,33.0,63.0,16454.0,3171.0,5595.0,3145.0,500.0,2070.0,86.0,92.0,15.1,48.0,6813.0,53.0
Yes,1209.0,750.0,265.0,19.0,54.0,820.0,159.0,11450.0,5045.0,900.0,2500.0,72.0,75.0,11.4,13.0,9718.0,64.0
No,9750.0,7640.0,2529.0,24.0,62.0,10358.0,1338.0,11180.0,3862.0,650.0,2450.0,89.0,87.0,17.5,16.0,7855.0,75.0
No,1757.0,979.0,394.0,32.0,74.0,2033.0,1078.0,5972.0,3420.0,600.0,750.0,77.0,83.0,13.0,11.0,7011.0,37.0
No,14596.0,5985.0,3331.0,75.0,92.0,14609.0,1100.0,8400.0,4200.0,550.0,1200.0,88.0,93.0,8.9,23.0,15893.0,83.0
No,5803.0,4441.0,1730.0,19.0,62.0,10099.0,3255.0,7248.0,3109.0,600.0,1900.0,79.0,91.0,16.8,7.0,6227.0,62.0
No,5191.0,4134.0,1500.0,15.0,44.0,7532.0,1847.0,8677.0,3505.0,600.0,1300.0,75.0,94.0,15.5,17.0,7392.0,53.0
No,6071.0,3856.0,1449.0,15.0,67.0,6635.0,1145.0,7558.0,3680.0,500.0,1500.0,82.0,85.0,19.1,15.0,6005.0,55.0
No,2777.0,2249.0,1652.0,20.0,54.0,8334.0,1435.0,5634.0,2703.0,450.0,1200.0,97.0,97.0,15.9,16.0,9424.0,49.0
No,1800.0,1253.0,560.0,44.0,85.0,3876.0,3588.0,6634.0,4360.0,600.0,2604.0,82.0,85.0,17.8,14.0,6104.0,47.0
No,4418.0,2737.0,2049.0,23.0,51.0,14047.0,5134.0,4104.0,3579.0,450.0,1700.0,86.0,94.0,22.6,6.0,5657.0,35.0
No,5530.0,4007.0,1697.0,12.0,37.0,8463.0,1498.0,7731.0,4128.0,540.0,2286.0,75.0,75.0,21.5,8.0,6309.0,40.0
No,4144.0,3379.0,1853.0,18.0,52.0,10135.0,1448.0,6197.0,2930.0,595.0,2380.0,78.0,82.0,16.3,26.0,6333.0,77.0
Yes,7700.0,3700.0,1906.0,79.0,96.0,7671.0,30.0,16850.0,4400.0,600.0,1350.0,96.0,92.0,13.1,46.0,13936.0,97.0
No,4743.0,3970.0,2233.0,32.0,63.0,13436.0,2582.0,5173.0,3526.0,765.0,3176.0,86.0,90.0,11.5,11.0,10244.0,44.0
No,8631.0,6732.0,2546.0,25.0,61.0,11669.0,1605.0,10602.0,3660.0,570.0,1530.0,79.0,87.0,19.7,13.0,8020.0,54.0
Yes,12394.0,5232.0,2464.0,85.0,100.0,9205.0,531.0,17020.0,7270.0,500.0,1544.0,95.0,96.0,6.3,38.0,25765.0,93.0
No,8586.0,6383.0,2503.0,25.0,59.0,13138.0,4289.0,10786.0,4560.0,400.0,900.0,93.0,93.0,7.8,10.0,13789.0,66.0
Yes,1758.0,1485.0,419.0,27.0,58.0,2041.0,174.0,12040.0,4100.0,600.0,1100.0,92.0,96.0,13.2,17.0,9060.0,72.0
Yes,4044.0,2826.0,688.0,51.0,83.0,2738.0,138.0,16230.0,4500.0,630.0,1800.0,79.0,86.0,15.0,17.0,11217.0,63.0
No,9643.0,7751.0,1968.0,12.0,40.0,8894.0,2456.0,10330.0,5558.0,500.0,1250.0,84.0,89.0,16.6,7.0,9158.0,63.0
Yes,5892.0,2718.0,756.0,46.0,72.0,2854.0,594.0,14500.0,3285.0,700.0,1125.0,75.0,89.0,11.7,32.0,11984.0,100.0
Yes,8766.0,5498.0,1243.0,56.0,75.0,5071.0,438.0,17840.0,6582.0,500.0,882.0,93.0,99.0,5.9,23.0,26037.0,80.0
Yes,3934.0,2735.0,886.0,40.0,70.0,3698.0,217.0,13600.0,5940.0,630.0,1820.0,93.0,96.0,15.6,13.0,10813.0,66.0
Yes,2306.0,1721.0,538.0,23.0,48.0,4309.0,549.0,13226.0,6452.0,750.0,2450.0,86.0,86.0,13.6,8.0,10074.0,62.0
No,285.0,280.0,208.0,21.0,43.0,1140.0,473.0,3687.0,1920.0,600.0,1800.0,67.0,77.0,23.6,3.0,3864.0,43.0
Yes,4471.0,2942.0,910.0,29.0,60.0,3674.0,493.0,11584.0,5986.0,650.0,800.0,83.0,83.0,14.1,41.0,9131.0,92.0
No,848.0,560.0,377.0,14.0,24.0,1855.0,1412.0,5800.0,3066.0,500.0,1500.0,62.0,62.0,14.8,3.0,5035.0,48.0
No,7693.0,5815.0,2328.0,30.0,66.0,12594.0,3661.0,8074.0,3522.0,495.0,2941.0,84.0,88.0,16.9,18.0,8246.0,63.0
No,7589.0,4676.0,1876.0,29.0,63.0,14770.0,10962.0,6760.0,3776.0,500.0,2180.0,84.0,89.0,17.0,7.0,11020.0,47.0
Yes,12229.0,8498.0,2477.0,45.0,71.0,13259.0,1429.0,17230.0,6482.0,600.0,2210.0,90.0,94.0,11.4,10.0,17007.0,68.0
No,1401.0,1239.0,605.0,10.0,34.0,3716.0,675.0,7100.0,4380.0,540.0,2948.0,63.0,88.0,19.4,0.0,5389.0,36.0
No,2379.0,2133.0,1292.0,8.0,25.0,4283.0,2973.0,4973.0,3192.0,500.0,1425.0,56.0,65.0,22.0,21.0,4078.0,38.0
No,2850.0,2044.0,1046.0,20.0,50.0,9260.0,1387.0,4652.0,2470.0,500.0,500.0,78.0,99.0,18.7,23.0,5917.0,45.0
Yes,2057.0,1807.0,828.0,26.0,53.0,4106.0,982.0,11712.0,4037.0,500.0,800.0,80.0,80.0,13.8,13.0,8546.0,89.0
Yes,374.0,280.0,185.0,45.0,77.0,995.0,408.0,8550.0,4050.0,500.0,1344.0,75.0,75.0,12.6,17.0,7237.0,62.0
No,7473.0,5372.0,3013.0,27.0,53.0,15749.0,3237.0,5764.0,3262.0,750.0,3300.0,86.0,92.0,16.5,22.0,8612.0,53.0
No,3281.0,2559.0,1448.0,19.0,43.0,10975.0,8431.0,4422.0,2780.0,500.0,2850.0,73.0,73.0,21.0,4.0,4696.0,29.0
No,14752.0,9572.0,5329.0,48.0,85.0,30017.0,5189.0,5130.0,3309.0,650.0,3140.0,91.0,99.0,19.7,11.0,7837.0,65.0
No,4217.0,3100.0,1686.0,17.0,46.0,9375.0,5457.0,4104.0,5376.0,452.0,1200.0,94.0,100.0,25.3,3.0,4329.0,50.0
Yes,974.0,704.0,290.0,5.0,22.0,1145.0,39.0,12520.0,3860.0,1300.0,700.0,16.0,59.0,7.5,9.0,11641.0,57.0
Yes,2459.0,1997.0,582.0,36.0,66.0,2664.0,299.0,16320.0,5326.0,646.0,1171.0,87.0,94.0,11.2,14.0,13706.0,65.0
Yes,1445.0,966.0,326.0,46.0,83.0,1129.0,24.0,15350.0,4080.0,450.0,810.0,89.0,93.0,10.3,52.0,18784.0,82.0
Yes,1712.0,1557.0,696.0,41.0,68.0,2936.0,433.0,11750.0,4160.0,1200.0,2350.0,94.0,96.0,11.5,10.0,11743.0,47.0
No,5095.0,4491.0,2400.0,27.0,53.0,13894.0,8374.0,6857.0,3975.0,858.0,3093.0,89.0,93.0,12.8,9.0,9275.0,37.0
No,7663.0,6008.0,1735.0,18.0,51.0,7353.0,1674.0,15516.0,4928.0,500.0,990.0,87.0,90.0,9.9,10.0,12646.0,79.0
No,15849.0,5384.0,2678.0,74.0,95.0,11278.0,114.0,12212.0,3792.0,500.0,1e3,90.0,92.0,9.5,22.0,13597.0,95.0
No,12749.0,7025.0,3343.0,40.0,81.0,20356.0,4582.0,8199.0,4218.0,708.0,2172.0,96.0,94.0,9.0,10.0,16527.0,65.0
No,1558.0,1254.0,472.0,20.0,57.0,3754.0,2477.0,6172.0,3994.0,541.0,1387.0,83.0,87.0,23.4,12.0,8488.0,53.0
No,2593.0,1966.0,1030.0,9.0,32.0,6038.0,579.0,6704.0,2592.0,376.0,1750.0,78.0,78.0,21.0,17.0,6254.0,65.0
No,910.0,910.0,342.0,14.0,53.0,1434.0,417.0,7032.0,2780.0,550.0,1960.0,75.0,81.0,15.2,15.0,6490.0,36.0
No,4400.0,3719.0,1472.0,12.0,38.0,7804.0,1552.0,6950.0,2500.0,300.0,1200.0,90.0,95.0,23.1,16.0,5559.0,67.0
No,2409.0,1939.0,759.0,17.0,50.0,3819.0,1347.0,6900.0,2800.0,475.0,1200.0,81.0,89.0,22.2,1.0,5968.0,46.0
No,14901.0,10932.0,4631.0,36.0,80.0,23945.0,2200.0,9096.0,4290.0,535.0,1545.0,93.0,96.0,11.5,20.0,11006.0,72.0
No,5244.0,3782.0,1930.0,12.0,37.0,11561.0,7443.0,8786.0,2964.0,570.0,1980.0,79.0,87.0,15.9,8.0,8094.0,38.0
No,2029.0,1516.0,1073.0,23.0,46.0,7535.0,1488.0,5988.0,3422.0,600.0,1500.0,91.0,94.0,15.1,13.0,8745.0,45.0
Yes,663.0,452.0,192.0,10.0,35.0,1481.0,1160.0,8840.0,3060.0,500.0,1e3,69.0,75.0,17.4,19.0,3733.0,78.0
Yes,1399.0,1026.0,308.0,44.0,77.0,1131.0,17.0,14900.0,5160.0,500.0,800.0,82.0,85.0,11.6,40.0,12082.0,79.0
Yes,325.0,260.0,86.0,21.0,47.0,699.0,717.0,9600.0,4202.0,450.0,750.0,39.0,69.0,10.5,15.0,7164.0,68.0
No,368.0,344.0,212.0,5.0,27.0,863.0,189.0,4286.0,2570.0,600.0,2e3,39.0,41.0,14.9,25.0,4958.0,40.0
Yes,2075.0,1727.0,520.0,49.0,81.0,2501.0,198.0,11800.0,3260.0,500.0,800.0,87.0,89.0,14.2,23.0,9681.0,95.0
Yes,7791.0,4690.0,1499.0,71.0,92.0,5500.0,90.0,17865.0,6525.0,630.0,952.0,93.0,98.0,5.8,26.0,23850.0,83.0
Yes,3550.0,1877.0,653.0,53.0,87.0,2164.0,77.0,18920.0,5950.0,600.0,800.0,90.0,98.0,9.7,39.0,17089.0,90.0
Yes,7759.0,5588.0,1477.0,30.0,68.0,6362.0,1292.0,15925.0,6507.0,400.0,300.0,89.0,90.0,13.4,24.0,10458.0,96.0
No,4963.0,3497.0,1567.0,18.0,45.0,10262.0,5065.0,10217.0,4182.0,500.0,3630.0,81.0,87.0,8.7,11.0,11183.0,45.0
No,2996.0,2440.0,704.0,2.0,30.0,3006.0,338.0,5587.0,4845.0,500.0,600.0,61.0,63.0,16.0,11.0,5733.0,31.0
No,15712.0,11719.0,4277.0,29.0,53.0,18511.0,604.0,10260.0,3176.0,740.0,2200.0,85.0,89.0,13.8,20.0,8944.0,73.0
Yes,1847.0,1610.0,453.0,19.0,59.0,1298.0,67.0,7384.0,3494.0,500.0,1763.0,51.0,67.0,13.7,8.0,6757.0,30.0
Yes,1470.0,900.0,287.0,20.0,49.0,1130.0,417.0,10900.0,5100.0,500.0,550.0,70.0,81.0,15.7,14.0,7804.0,68.0
Yes,647.0,518.0,271.0,17.0,43.0,1014.0,387.0,9140.0,3365.0,500.0,2245.0,51.0,65.0,10.7,31.0,8050.0,73.0
Yes,1465.0,1006.0,188.0,10.0,30.0,703.0,20.0,4450.0,2522.0,500.0,1200.0,43.0,43.0,22.9,3.0,5861.0,58.0
Yes,800.0,623.0,256.0,41.0,76.0,801.0,5.0,12925.0,4195.0,500.0,635.0,78.0,85.0,9.9,55.0,14904.0,72.0
Yes,1416.0,1015.0,417.0,10.0,44.0,1324.0,117.0,13500.0,5800.0,585.0,1700.0,67.0,78.0,13.2,23.0,9006.0,75.0
Yes,5661.0,2392.0,903.0,75.0,88.0,3499.0,172.0,13850.0,4360.0,500.0,1250.0,95.0,97.0,4.3,37.0,41766.0,89.0
Yes,1092.0,890.0,477.0,27.0,92.0,847.0,497.0,8670.0,4180.0,500.0,1450.0,42.0,58.0,11.3,33.0,5738.0,68.0
Yes,440.0,311.0,112.0,25.0,49.0,466.0,7.0,1e4,3052.0,400.0,1100.0,65.0,75.0,11.4,20.0,9430.0,63.0
Yes,1231.0,1074.0,345.0,34.0,66.0,1295.0,105.0,11600.0,3610.0,400.0,850.0,66.0,91.0,12.4,37.0,7735.0,67.0
Yes,1305.0,1100.0,334.0,42.0,64.0,1098.0,151.0,16260.0,4005.0,300.0,500.0,91.0,91.0,12.1,40.0,10162.0,86.0
Yes,3315.0,1096.0,425.0,68.0,93.0,1584.0,3.0,13750.0,4619.0,680.0,1115.0,81.0,96.0,9.6,45.0,15736.0,90.0
Yes,1209.0,942.0,214.0,31.0,60.0,822.0,46.0,15276.0,5318.0,500.0,300.0,79.0,86.0,11.2,37.0,10830.0,65.0
No,6540.0,5839.0,2440.0,31.0,70.0,14445.0,1344.0,8200.0,4210.0,800.0,2719.0,84.0,87.0,16.9,30.0,10912.0,56.0
Yes,7654.0,5259.0,1254.0,62.0,93.0,4879.0,1274.0,18350.0,5775.0,768.0,1512.0,91.0,98.0,3.9,31.0,45702.0,90.0
No,1373.0,1373.0,724.0,6.0,21.0,2754.0,474.0,2700.0,2660.0,540.0,1660.0,60.0,68.0,20.3,29.0,4550.0,52.0
Yes,1190.0,978.0,324.0,12.0,30.0,1280.0,61.0,8840.0,3620.0,500.0,1200.0,57.0,58.0,16.2,26.0,6563.0,63.0
Yes,280.0,143.0,79.0,5.0,27.0,327.0,110.0,5590.0,2900.0,650.0,1952.0,53.0,63.0,15.1,4.0,4839.0,90.0
Yes,665.0,462.0,226.0,17.0,44.0,1739.0,1550.0,9160.0,4340.0,500.0,500.0,68.0,68.0,20.6,14.0,6951.0,48.0
Yes,2895.0,1249.0,579.0,80.0,96.0,2195.0,156.0,18345.0,5995.0,500.0,700.0,94.0,98.0,10.6,51.0,21409.0,91.0
Yes,318.0,240.0,130.0,40.0,85.0,416.0,19.0,14900.0,5550.0,600.0,500.0,93.0,98.0,8.3,42.0,13935.0,69.0
Yes,1480.0,1257.0,452.0,6.0,25.0,2961.0,572.0,9850.0,6050.0,850.0,920.0,10.0,68.0,15.4,8.0,17858.0,64.0
Yes,980.0,807.0,350.0,10.0,25.0,872.0,448.0,9890.0,4674.0,500.0,1350.0,52.0,57.0,14.4,15.0,6243.0,84.0
Yes,4772.0,1973.0,712.0,60.0,86.0,2714.0,27.0,19130.0,5600.0,1400.0,1400.0,90.0,94.0,12.1,39.0,16262.0,92.0
No,6502.0,3539.0,1372.0,11.0,51.0,7484.0,1904.0,7844.0,4108.0,400.0,2e3,76.0,79.0,15.3,16.0,6773.0,52.0
No,1164.0,1062.0,478.0,12.0,25.0,2138.0,227.0,4470.0,2890.0,600.0,1210.0,33.0,33.0,16.3,10.0,4249.0,60.0
Yes,1566.0,1400.0,483.0,28.0,55.0,1509.0,170.0,14200.0,3775.0,450.0,1100.0,58.0,81.0,16.4,42.0,8080.0,67.0
No,3224.0,2519.0,1057.0,11.0,31.0,5e3,706.0,6390.0,2380.0,110.0,1622.0,67.0,78.0,14.6,9.0,6554.0,55.0
Yes,1205.0,984.0,278.0,31.0,50.0,1071.0,98.0,14510.0,5340.0,500.0,1400.0,84.0,91.0,12.5,39.0,10026.0,60.0
No,9167.0,7191.0,2738.0,24.0,53.0,15739.0,4278.0,6940.0,4100.0,500.0,1700.0,80.0,84.0,24.7,11.0,5983.0,55.0
Yes,1650.0,1471.0,409.0,7.0,21.0,1803.0,1116.0,8994.0,5500.0,498.0,2065.0,74.0,97.0,15.4,15.0,8409.0,59.0
No,2702.0,1623.0,604.0,7.0,24.0,2315.0,146.0,5918.0,3755.0,500.0,2050.0,76.0,79.0,19.4,4.0,4599.0,52.0
No,5548.0,3563.0,1549.0,30.0,71.0,8909.0,506.0,8124.0,4144.0,639.0,2385.0,83.0,89.0,22.7,10.0,7203.0,61.0
No,3100.0,2150.0,825.0,3.0,20.0,3234.0,941.0,5542.0,3788.0,500.0,1300.0,75.0,79.0,15.7,20.0,4222.0,65.0
Yes,662.0,553.0,184.0,20.0,43.0,665.0,37.0,10720.0,4050.0,600.0,1650.0,66.0,70.0,12.5,20.0,7925.0,62.0
Yes,996.0,866.0,377.0,29.0,58.0,1411.0,72.0,12065.0,3615.0,430.0,685.0,62.0,78.0,12.5,41.0,8596.0,80.0
Yes,917.0,720.0,213.0,21.0,60.0,979.0,743.0,8820.0,4050.0,600.0,2025.0,68.0,83.0,10.5,34.0,7170.0,50.0
No,950.0,713.0,351.0,42.0,72.0,1276.0,9.0,14320.0,5304.0,490.0,1410.0,77.0,77.0,14.9,17.0,8837.0,87.0
Yes,1432.0,920.0,548.0,56.0,84.0,2200.0,56.0,11480.0,4200.0,530.0,1400.0,81.0,83.0,12.7,40.0,11916.0,85.0
Yes,1738.0,1373.0,417.0,21.0,55.0,1335.0,30.0,18460.0,5970.0,700.0,850.0,92.0,96.0,13.2,41.0,22704.0,71.0
Yes,903.0,755.0,213.0,15.0,49.0,971.0,305.0,10500.0,4545.0,600.0,600.0,66.0,71.0,14.1,27.0,7494.0,72.0
Yes,1861.0,998.0,359.0,45.0,77.0,1220.0,46.0,16670.0,4900.0,750.0,800.0,80.0,83.0,10.5,51.0,13198.0,72.0
Yes,1681.0,1069.0,344.0,35.0,63.0,1235.0,30.0,16249.0,5699.0,500.0,1998.0,84.0,92.0,13.6,29.0,11778.0,52.0
Yes,1121.0,926.0,372.0,43.0,70.0,1270.0,160.0,12660.0,4500.0,678.0,2424.0,80.0,80.0,16.9,20.0,8328.0,80.0
Yes,2139.0,1492.0,502.0,24.0,64.0,2186.0,2171.0,12350.0,5370.0,500.0,1350.0,88.0,86.0,12.6,19.0,9603.0,63.0
Yes,1631.0,1431.0,434.0,15.0,36.0,1803.0,603.0,11150.0,5130.0,550.0,1260.0,78.0,92.0,13.3,24.0,8543.0,67.0
Yes,1658.0,1327.0,395.0,49.0,80.0,1595.0,159.0,14800.0,4620.0,400.0,790.0,91.0,94.0,13.3,37.0,10779.0,68.0
Yes,663.0,547.0,315.0,32.0,67.0,1279.0,75.0,10060.0,2970.0,500.0,2600.0,74.0,80.0,11.2,19.0,7885.0,59.0
Yes,469.0,435.0,227.0,17.0,39.0,851.0,120.0,10535.0,4365.0,550.0,3700.0,39.0,66.0,12.9,16.0,7438.0,52.0
Yes,4186.0,1245.0,526.0,81.0,96.0,1988.0,29.0,19629.0,5790.0,500.0,1200.0,94.0,99.0,9.0,64.0,22014.0,99.0
Yes,167.0,130.0,46.0,16.0,50.0,199.0,676.0,11428.0,5084.0,450.0,475.0,67.0,76.0,8.3,43.0,10291.0,67.0
Yes,1239.0,1017.0,383.0,10.0,34.0,1207.0,157.0,7820.0,3400.0,550.0,1550.0,69.0,81.0,13.9,8.0,7264.0,91.0
No,3325.0,2047.0,1301.0,20.0,45.0,5800.0,872.0,4200.0,2700.0,300.0,1200.0,53.0,60.0,20.2,18.0,5318.0,58.0
No,2320.0,1805.0,769.0,24.0,61.0,3395.0,670.0,6400.0,3392.0,580.0,2150.0,71.0,80.0,12.8,26.0,6729.0,59.0
Yes,152.0,128.0,75.0,17.0,41.0,282.0,22.0,9100.0,3700.0,500.0,1400.0,48.0,48.0,8.5,26.0,8960.0,50.0
Yes,1979.0,1739.0,575.0,42.0,68.0,1980.0,144.0,15948.0,4404.0,400.0,800.0,82.0,95.0,12.8,29.0,10414.0,78.0
Yes,1501.0,935.0,273.0,51.0,83.0,1059.0,34.0,12680.0,4150.0,605.0,1440.0,91.0,92.0,15.3,42.0,7875.0,75.0
Yes,2768.0,2314.0,682.0,49.0,86.0,2802.0,86.0,15884.0,5370.0,530.0,730.0,92.0,94.0,15.2,34.0,10774.0,82.0
No,2197.0,1515.0,543.0,4.0,26.0,3089.0,2029.0,6797.0,3900.0,500.0,1200.0,60.0,60.0,21.0,14.0,4469.0,40.0
Yes,1959.0,1805.0,695.0,24.0,47.0,2849.0,1107.0,11520.0,4960.0,600.0,1250.0,73.0,75.0,13.3,31.0,9189.0,83.0
Yes,2097.0,1915.0,695.0,34.0,61.0,2793.0,166.0,6900.0,4200.0,617.0,781.0,67.0,75.0,14.4,20.0,8323.0,49.0
Yes,10705.0,2453.0,1317.0,95.0,99.0,5217.0,83.0,19840.0,6510.0,630.0,2115.0,96.0,96.0,5.8,49.0,40386.0,99.0
Yes,2989.0,1855.0,691.0,28.0,63.0,2988.0,1726.0,4990.0,3560.0,500.0,1250.0,75.0,75.0,18.1,28.0,4509.0,99.0
