Year,State,Smoke everyday,Smoke some days,Former smoker,Never smoked,Location 1
1996,Puerto Rico,9.40%,5.10%,16%,69.50%,"Puerto Rico
"
1997,Puerto Rico,9.40%,5%,15.70%,69.90%,"Puerto Rico
"
1998,Puerto Rico,10.10%,5.20%,16.80%,67.90%,"Puerto Rico
"
1999,Puerto Rico,9.70%,4%,15.30%,71%,"Puerto Rico
"
2000,Puerto Rico,9.20%,3.90%,15.20%,71.60%,"Puerto Rico
"
2001,Puerto Rico,8%,4.50%,17%,70.50%,"Puerto Rico
"
2001,Virgin Islands,6.90%,2.70%,12.60%,77.80%,"Virgin Islands
"
2002,Puerto Rico,8.80%,4.40%,16.90%,69.80%,"Puerto Rico
"
2002,Virgin Islands,7%,2.40%,12.10%,78.50%,"Virgin Islands
"
2003,Puerto Rico,8.90%,4.60%,17.70%,68.80%,"Puerto Rico
"
2003,Virgin Islands,7.90%,2%,13.60%,76.40%,"Virgin Islands
"
2004,Puerto Rico,8.20%,4.40%,15.20%,72.20%,"Puerto Rico
"
2004,Virgin Islands,5.90%,3.50%,9.90%,80.70%,"Virgin Islands
"
2005,Puerto Rico,7.90%,5.20%,16.90%,70%,"Puerto Rico
"
2005,Virgin Islands,5.30%,2.80%,12.80%,79.10%,"Virgin Islands
"
2006,Puerto Rico,7.70%,4.80%,16.80%,70.70%,"Puerto Rico
"
2006,Virgin Islands,5.80%,3.10%,13.10%,78%,"Virgin Islands
"
2007,Puerto Rico,7.50%,4.70%,19.20%,68.60%,"Puerto Rico
"
2007,Virgin Islands,5.60%,3%,11.90%,79.50%,"Virgin Islands
"
2008,Puerto Rico,7.50%,4.10%,18.30%,70.10%,"Puerto Rico
"
2008,Virgin Islands,4.10%,2.30%,11.50%,82.10%,"Virgin Islands
"
2009,Puerto Rico,6.90%,3.70%,18%,71.50%,"Puerto Rico
"
2010,Puerto Rico,7.50%,4.40%,17.30%,70.80%,"Puerto Rico
"
1999,Louisiana,18.70%,4.80%,20.70%,55.80%,"Louisiana
(31.31265999975932, -92.44567999993188)"
2010,Nevada,16.50%,4.90%,25.80%,52.80%,"Nevada
(39.49323999972637, -117.07183999971608)"
1996,Nebraska,19.50%,2.60%,23.60%,54.30%,"Nebraska
(41.6410400000961, -99.36572999973953)"
2003,Vermont,15.40%,4.20%,30.40%,50.10%,"Vermont
(43.625379999687425, -72.51764000028561)"
2001,Tennessee,19.70%,4.70%,19.10%,56.60%,"Tennessee
(35.68094000038087, -85.77449000011325)"
2008,Guam,21.20%,6.20%,19.40%,53.20%,
2007,Guam,23.30%,7.60%,14.10%,54.90%,
2003,Guam,26.30%,7.80%,14.30%,51.70%,
2002,Guam,24.80%,7.10%,15.50%,52.60%,
2001,Guam,26.50%,4.70%,11.80%,57%,
2003,Delaware,16.90%,5%,28.10%,50%,"Delaware
(39.00883000020451, -75.57774000040052)"
1998,Vermont,18.60%,3.70%,28.60%,49.10%,"Vermont
(43.625379999687425, -72.51764000028561)"
2006,Oklahoma,18.90%,6.20%,23.70%,51.20%,"Oklahoma
(35.4720099999617, -97.52034999975251)"
2004,Washington,14%,5.30%,25.30%,55.50%,"Washington
(47.522280000022135, -120.47001000026114)"
1998,New York,18.40%,5.70%,24.30%,51.60%,"New York
(42.82699999955048, -75.54396999981549)"
2005,South Dakota,13.80%,6%,25.40%,54.80%,"South Dakota
(44.353130000049646, -100.37353000040906)"
1999,Illinois,19.80%,4.50%,23.80%,51.90%,"Illinois
(40.485010000411364, -88.99770999971656)"
1997,Indiana,21.70%,4.70%,23.50%,50.20%,"Indiana
(39.76690999989677, -86.14996000035359)"
2000,Illinois,16.20%,6.20%,22.60%,55.10%,"Illinois
(40.485010000411364, -88.99770999971656)"
2006,Connecticut,11.90%,5.10%,28.20%,54.80%,"Connecticut
(41.56265999995918, -72.6498400002157)"
2005,Montana,14.50%,4.70%,28.50%,52.30%,"Montana
(47.06653000015956, -109.42441999998289)"
2002,Missouri,22%,4.50%,25.50%,48%,"Missouri
(38.63578999960896, -92.5663000000448)"
2002,Nevada,21.10%,5%,24.70%,49.20%,"Nevada
(39.49323999972637, -117.07183999971608)"
2001,Florida,17.50%,4.90%,27.50%,50.10%,"Florida
(28.932039999846268, -81.9289599999039)"
2004,Missouri,18.50%,5.60%,24.20%,51.70%,"Missouri
(38.63578999960896, -92.5663000000448)"
2007,North Carolina,17.60%,5.30%,24.80%,52.30%,"North Carolina
(35.46624999963797, -79.1593199999179)"
2010,Louisiana,15.90%,6.20%,22%,56%,"Louisiana
(31.31265999975932, -92.44567999993188)"
1999,Utah,10.30%,3.70%,17.30%,68.80%,"Utah
(39.36070000030492, -111.58712999994941)"
2001,Hawaii,16.50%,4%,24%,55.50%,"Hawaii
(21.304850000427336, -157.85774999956269)"
2008,Montana,13.80%,4.70%,26.80%,54.70%,"Montana
(47.06653000015956, -109.42441999998289)"
2001,Vermont,16.90%,5.50%,30%,47.60%,"Vermont
(43.625379999687425, -72.51764000028561)"
2000,Georgia,18.40%,5.10%,22.70%,53.80%,"Georgia
(32.83967999993223, -83.62758000031658)"
2004,Virginia,15.90%,5%,23.30%,55.80%,"Virginia
(37.54268000028196, -78.45789000012326)"
2004,Nebraska,14.90%,5.40%,21.20%,58.60%,"Nebraska
(41.6410400000961, -99.36572999973953)"
2009,Massachusetts,10.90%,4%,28.50%,56.60%,"Massachusetts
(42.27687000005062, -72.08269000004333)"
2002,Alabama,19.20%,5.20%,23.20%,52.40%,"Alabama
(32.840569999605975, -86.63186000013877)"
1995,Mississippi,20.50%,2.80%,20.80%,55.80%,"Mississippi
(32.7455100000866, -89.53803000008429)"
2010,California,7.50%,4.60%,23.10%,64.80%,"California
(37.638300000444815, -120.99958999997835)"
1996,Iowa,19.60%,4%,23.80%,52.60%,"Iowa
(42.469390000048634, -93.81649000001335)"
2002,Idaho,16.30%,4.30%,24.20%,55.20%,"Idaho
(43.682590000228515, -114.36368000023168)"
2007,Nevada,16.10%,5.30%,25.40%,53.10%,"Nevada
(39.49323999972637, -117.07183999971608)"
2010,Kansas,11.90%,5.10%,24.20%,58.80%,"Kansas
(38.34774000000118, -98.20077999969709)"
2008,Nebraska,13.40%,4.90%,25%,56.60%,"Nebraska
(41.6410400000961, -99.36572999973953)"
1998,Missouri,22.30%,4%,23.70%,50%,"Missouri
(38.63578999960896, -92.5663000000448)"
2001,Rhode Island,17.60%,6.30%,28.90%,47.30%,"Rhode Island
(41.70828000002217, -71.5224700001902)"
1995,New Hampshire,18.80%,2.30%,32.70%,46.20%,"New Hampshire
(43.65595000019255, -71.50036000041354)"
2002,New Mexico,15%,6.20%,26%,52.80%,"New Mexico
(34.52088000011207, -106.24057999976702)"
2000,North Carolina,20.70%,5.40%,24.30%,49.60%,"North Carolina
(35.46624999963797, -79.1593199999179)"
2002,Connecticut,14.40%,5%,30.40%,50.20%,"Connecticut
(41.56265999995918, -72.6498400002157)"
1998,New Mexico,16.20%,6.40%,24.30%,53.20%,"New Mexico
(34.52088000011207, -106.24057999976702)"
2009,Maryland,10.40%,4.80%,23.40%,61.50%,"Maryland
(39.29057999976732, -76.6092600004485)"
2005,Mississippi,18.60%,5.10%,20.90%,55.50%,"Mississippi
(32.7455100000866, -89.53803000008429)"
2005,Minnesota,14.90%,5.10%,28.70%,51.20%,"Minnesota
(46.3556499998478, -94.79419999982997)"
1998,Alabama,19.40%,5.20%,21.50%,53.90%,"Alabama
(32.840569999605975, -86.63186000013877)"
1996,Virginia,19.60%,5.20%,22.90%,52.30%,"Virginia
(37.54268000028196, -78.45789000012326)"
2001,Montana,16.60%,5.40%,27.30%,50.80%,"Montana
(47.06653000015956, -109.42441999998289)"
1996,North Carolina,21.90%,3.80%,23.10%,51.20%,"North Carolina
(35.46624999963797, -79.1593199999179)"
1995,Iowa,20.20%,2.90%,23.90%,53%,"Iowa
(42.469390000048634, -93.81649000001335)"
2006,Ohio,16.80%,5.60%,24.30%,53.30%,"Ohio
(40.06020999969189, -82.40426000019869)"
2006,Montana,13.30%,5.60%,26.80%,54.30%,"Montana
(47.06653000015956, -109.42441999998289)"
1999,Idaho,16%,5.50%,24.30%,54.20%,"Idaho
(43.682590000228515, -114.36368000023168)"
2008,Vermont,12.20%,4.60%,32.20%,51.10%,"Vermont
(43.625379999687425, -72.51764000028561)"
1996,New Jersey,17.80%,4.90%,24.70%,52.60%,"New Jersey
(40.13056999960594, -74.2736899996936)"
1997,Texas,16.20%,6.30%,20.30%,57.10%,"Texas
(31.82724000022597, -99.42676999973554)"
1998,Arkansas,22.20%,3.70%,24.20%,49.90%,"Arkansas
(34.748649999697875, -92.27448999971358)"
2002,Washington,16.40%,5%,28.50%,50.10%,"Washington
(47.522280000022135, -120.47001000026114)"
2002,Alaska,21.90%,7.40%,25.60%,45%,"Alaska
(64.84507999974238, -147.72205999986895)"
2009,Mississippi,17.10%,6.30%,22.10%,54.60%,"Mississippi
(32.7455100000866, -89.53803000008429)"
2000,California,12.10%,5.10%,26%,56.70%,"California
(37.638300000444815, -120.99958999997835)"
2004,Michigan,17.20%,6.10%,25.20%,51.60%,"Michigan
(44.661320000317914, -84.71438999959867)"
2010,Massachusetts,10.20%,3.90%,29.30%,56.60%,"Massachusetts
(42.27687000005062, -72.08269000004333)"
2001,Colorado,15.40%,6.90%,26%,51.70%,"Colorado
(38.842890000173554, -106.13314000041055)"
2007,North Dakota,15.10%,5.90%,25.30%,53.80%,"North Dakota
(47.475320000018144, -100.11841999998285)"
2008,Missouri,20.20%,4.80%,25%,50.10%,"Missouri
(38.63578999960896, -92.5663000000448)"
2000,Kansas,16.90%,4.20%,23.60%,55.40%,"Kansas
(38.34774000000118, -98.20077999969709)"
2000,Tennessee,21.60%,4%,22.20%,52.10%,"Tennessee
(35.68094000038087, -85.77449000011325)"
2001,Arkansas,20.10%,5.40%,23.60%,50.80%,"Arkansas
(34.748649999697875, -92.27448999971358)"
2005,New Mexico,14.60%,6.90%,24.40%,54.10%,"New Mexico
(34.52088000011207, -106.24057999976702)"
2009,Georgia,12.60%,5.10%,22%,60.30%,"Georgia
(32.83967999993223, -83.62758000031658)"
2002,Arizona,17.80%,5.60%,24.40%,52.20%,"Arizona
(34.86596999961597, -111.76380999973156)"
1995,Kansas,18.60%,3%,24.30%,54.10%,"Kansas
(38.34774000000118, -98.20077999969709)"
2001,Washington,16.40%,6%,27.60%,49.90%,"Washington
(47.522280000022135, -120.47001000026114)"
2001,Illinois,17.40%,6.30%,23.70%,52.50%,"Illinois
(40.485010000411364, -88.99770999971656)"
2001,Missouri,20%,5.90%,24.50%,49.60%,"Missouri
(38.63578999960896, -92.5663000000448)"
2009,Oklahoma,18.80%,6.70%,24.50%,50%,"Oklahoma
(35.4720099999617, -97.52034999975251)"
2010,Arkansas,17.30%,5.60%,24.10%,53%,"Arkansas
(34.748649999697875, -92.27448999971358)"
1997,Pennsylvania,20%,4.20%,22.70%,53.10%,"Pennsylvania
(40.79372999993973, -77.86069999960512)"
2004,Arizona,13.50%,5.10%,24.50%,57%,"Arizona
(34.86596999961597, -111.76380999973156)"
2003,Ohio,19.50%,5.70%,23.80%,51%,"Ohio
(40.06020999969189, -82.40426000019869)"
1999,Massachusetts,15.20%,4.10%,25.80%,55%,"Massachusetts
(42.27687000005062, -72.08269000004333)"
2007,Iowa,14.50%,5.30%,23.50%,56.70%,"Iowa
(42.469390000048634, -93.81649000001335)"
2001,Wyoming,17.30%,4.90%,26%,51.90%,"Wyoming
(43.23553999957147, -108.10982999975454)"
2004,Alaska,16.40%,8.50%,24%,51.20%,"Alaska
(64.84507999974238, -147.72205999986895)"
2001,New York,16.60%,6.60%,23.80%,53%,"New York
(42.82699999955048, -75.54396999981549)"
2009,New Mexico,11.20%,6.70%,25.80%,56.20%,"New Mexico
(34.52088000011207, -106.24057999976702)"
1995,Rhode Island,21.30%,3.50%,29.20%,46%,"Rhode Island
(41.70828000002217, -71.5224700001902)"
2007,Georgia,14.70%,4.70%,22.70%,57.90%,"Georgia
(32.83967999993223, -83.62758000031658)"
2003,Virginia,17.20%,4.80%,24%,54%,"Virginia
(37.54268000028196, -78.45789000012326)"
2007,West Virginia,21.70%,5.20%,24.50%,48.60%,"West Virginia
(38.66550999958696, -80.71263999973604)"
2005,Michigan,16.70%,5.40%,26%,52%,"Michigan
(44.661320000317914, -84.71438999959867)"
1999,Texas,15%,7.50%,23.30%,54.30%,"Texas
(31.82724000022597, -99.42676999973554)"
1997,Alaska,22.30%,4.20%,24.70%,48.80%,"Alaska
(64.84507999974238, -147.72205999986895)"
2009,Louisiana,16.40%,5.70%,23.20%,54.70%,"Louisiana
(31.31265999975932, -92.44567999993188)"
2007,New York,12.80%,6.10%,25.50%,55.60%,"New York
(42.82699999955048, -75.54396999981549)"
2005,Indiana,20.80%,6.40%,22.90%,49.80%,"Indiana
(39.76690999989677, -86.14996000035359)"
2010,New Jersey,10.20%,4.20%,26.10%,59.40%,"New Jersey
(40.13056999960594, -74.2736899996936)"
1995,Delaware,23%,2.30%,25.80%,48.90%,"Delaware
(39.00883000020451, -75.57774000040052)"
2000,Michigan,19.10%,5%,25.40%,50.40%,"Michigan
(44.661320000317914, -84.71438999959867)"
1996,Minnesota,15.60%,5%,23.10%,56.30%,"Minnesota
(46.3556499998478, -94.79419999982997)"
2004,Iowa,16.30%,4.60%,21.40%,57.80%,"Iowa
(42.469390000048634, -93.81649000001335)"
2000,Kentucky,26.80%,3.70%,23%,46.50%,"Kentucky
(37.645969999815804, -84.77496999996538)"
1996,Oregon,19.10%,4.30%,27.70%,48.90%,"Oregon
(44.567449999917756, -120.15502999983448)"
1995,Alaska,22.30%,2.60%,27.20%,47.90%,"Alaska
(64.84507999974238, -147.72205999986895)"
2007,Pennsylvania,15.10%,5.80%,23.90%,55.10%,"Pennsylvania
(40.79372999993973, -77.86069999960512)"
2005,South Carolina,17%,5.50%,24.40%,53.10%,"South Carolina
(33.99855000018255, -81.0452500001872)"
1999,Vermont,16.90%,4.80%,26.70%,51.60%,"Vermont
(43.625379999687425, -72.51764000028561)"
1999,New Mexico,16.40%,6%,24.60%,52.90%,"New Mexico
(34.52088000011207, -106.24057999976702)"
2004,Indiana,19.50%,5.30%,22.60%,52.50%,"Indiana
(39.76690999989677, -86.14996000035359)"
2009,Nebraska,12.90%,3.80%,24.60%,58.70%,"Nebraska
(41.6410400000961, -99.36572999973953)"
2005,Georgia,16.40%,5.80%,21.90%,56%,"Georgia
(32.83967999993223, -83.62758000031658)"
2000,Louisiana,18.60%,5.50%,19.50%,56.50%,"Louisiana
(31.31265999975932, -92.44567999993188)"
1995,Wisconsin,18.20%,3.50%,27.60%,50.70%,"Wisconsin
(44.39319000021851, -89.81636999977553)"
2007,Hawaii,12.90%,4.10%,26%,57%,"Hawaii
(21.304850000427336, -157.85774999956269)"
2010,New York,10.50%,5%,26.80%,57.80%,"New York
(42.82699999955048, -75.54396999981549)"
1997,New Mexico,15.50%,6.50%,25.30%,52.60%,"New Mexico
(34.52088000011207, -106.24057999976702)"
2004,Florida,14.60%,5.70%,25.80%,53.90%,"Florida
(28.932039999846268, -81.9289599999039)"
1996,Maryland,17.90%,3%,23.40%,55.70%,"Maryland
(39.29057999976732, -76.6092600004485)"
2007,Missouri,19.80%,4.70%,23.40%,52.10%,"Missouri
(38.63578999960896, -92.5663000000448)"
2010,Arizona,10.70%,4.40%,27.90%,57.10%,"Arizona
(34.86596999961597, -111.76380999973156)"
1998,Pennsylvania,19.40%,4.40%,22.90%,53.30%,"Pennsylvania
(40.79372999993973, -77.86069999960512)"
1998,Texas,15.60%,6.30%,22.60%,55.50%,"Texas
(31.82724000022597, -99.42676999973554)"
1999,Wisconsin,17.90%,5.80%,28.60%,47.70%,"Wisconsin
(44.39319000021851, -89.81636999977553)"
1999,Montana,16%,4.20%,27.70%,52.10%,"Montana
(47.06653000015956, -109.42441999998289)"
2006,Minnesota,13.80%,4.50%,27.60%,54.10%,"Minnesota
(46.3556499998478, -94.79419999982997)"
1995,Missouri,21.90%,2.20%,27.10%,48.80%,"Missouri
(38.63578999960896, -92.5663000000448)"
2009,Tennessee,17.60%,4.40%,24.70%,53.30%,"Tennessee
(35.68094000038087, -85.77449000011325)"
1998,Maryland,16.70%,5.70%,24.20%,53.40%,"Maryland
(39.29057999976732, -76.6092600004485)"
2001,Utah,9.10%,4.10%,17.10%,69.70%,"Utah
(39.36070000030492, -111.58712999994941)"
2002,South Carolina,21%,5.60%,22.60%,50.90%,"South Carolina
(33.99855000018255, -81.0452500001872)"
2005,Maine,15.90%,4.90%,30.10%,49.10%,"Maine
(45.25423000041434, -68.9850299999344)"
1997,Georgia,17.60%,4.80%,15.30%,62.30%,"Georgia
(32.83967999993223, -83.62758000031658)"
2005,New York,14.60%,5.90%,25.60%,54%,"New York
(42.82699999955048, -75.54396999981549)"
2004,Massachusetts,13.70%,4.80%,26.90%,54.60%,"Massachusetts
(42.27687000005062, -72.08269000004333)"
2010,Vermont,11.10%,4.20%,30.70%,54%,"Vermont
(43.625379999687425, -72.51764000028561)"
2008,North Carolina,15.50%,5.40%,24.80%,54.30%,"North Carolina
(35.46624999963797, -79.1593199999179)"
2008,Alabama,17.30%,4.90%,21.90%,56%,"Alabama
(32.840569999605975, -86.63186000013877)"
2006,North Dakota,15.60%,3.90%,24.10%,56.40%,"North Dakota
(47.475320000018144, -100.11841999998285)"
2008,Mississippi,17.20%,5.50%,22.20%,55.10%,"Mississippi
(32.7455100000866, -89.53803000008429)"
2008,Utah,6.80%,2.50%,16.10%,74.50%,"Utah
(39.36070000030492, -111.58712999994941)"
2009,New Jersey,10%,5.80%,25.40%,58.80%,"New Jersey
(40.13056999960594, -74.2736899996936)"
2006,Hawaii,13%,4.60%,25.10%,57.30%,"Hawaii
(21.304850000427336, -157.85774999956269)"
2009,Kansas,13.20%,4.60%,23.30%,58.80%,"Kansas
(38.34774000000118, -98.20077999969709)"
2007,Colorado,13.40%,5.30%,24.60%,56.70%,"Colorado
(38.842890000173554, -106.13314000041055)"
1998,Georgia,19.70%,3.90%,21.90%,54.50%,"Georgia
(32.83967999993223, -83.62758000031658)"
2009,Michigan,13.70%,5.90%,25.50%,54.90%,"Michigan
(44.661320000317914, -84.71438999959867)"
2004,Delaware,18.80%,5.60%,25.20%,50.50%,"Delaware
(39.00883000020451, -75.57774000040052)"
1999,Nebraska,18.20%,5%,22.10%,54.70%,"Nebraska
(41.6410400000961, -99.36572999973953)"
2008,Oklahoma,18.50%,6.20%,24.70%,50.60%,"Oklahoma
(35.4720099999617, -97.52034999975251)"
2005,Delaware,15.50%,5.20%,27.20%,52.10%,"Delaware
(39.00883000020451, -75.57774000040052)"
2008,South Dakota,12%,5.60%,26.10%,56.40%,"South Dakota
(44.353130000049646, -100.37353000040906)"
1995,South Carolina,20.90%,2.50%,20.40%,56.10%,"South Carolina
(33.99855000018255, -81.0452500001872)"
1998,Massachusetts,16.60%,4.30%,28%,51.10%,"Massachusetts
(42.27687000005062, -72.08269000004333)"
1998,Michigan,22.60%,4.80%,25.40%,47.20%,"Michigan
(44.661320000317914, -84.71438999959867)"
2010,Alabama,15.60%,6.30%,23.90%,54.20%,"Alabama
(32.840569999605975, -86.63186000013877)"
2003,Missouri,23.10%,4.10%,24.30%,48.50%,"Missouri
(38.63578999960896, -92.5663000000448)"
2002,Tennessee,22.90%,4.90%,18.70%,53.60%,"Tennessee
(35.68094000038087, -85.77449000011325)"
2007,Indiana,18.20%,5.90%,22.80%,53%,"Indiana
(39.76690999989677, -86.14996000035359)"
2007,Tennessee,20%,4.30%,24%,51.80%,"Tennessee
(35.68094000038087, -85.77449000011325)"
2007,Louisiana,16.90%,5.70%,20.20%,57.10%,"Louisiana
(31.31265999975932, -92.44567999993188)"
2007,New Jersey,12%,5.10%,24.70%,58.20%,"New Jersey
(40.13056999960594, -74.2736899996936)"
1997,New Hampshire,20%,4.70%,31.30%,44%,"New Hampshire
(43.65595000019255, -71.50036000041354)"
2002,Vermont,16.70%,4.40%,32.30%,46.50%,"Vermont
(43.625379999687425, -72.51764000028561)"
2009,Rhode Island,10.20%,4.90%,29.60%,55.40%,"Rhode Island
(41.70828000002217, -71.5224700001902)"
1996,Florida,18.10%,3.70%,30.70%,47.50%,"Florida
(28.932039999846268, -81.9289599999039)"
1997,Louisiana,19.20%,5.30%,21.90%,53.60%,"Louisiana
(31.31265999975932, -92.44567999993188)"
2009,Iowa,13.40%,3.80%,24.20%,58.70%,"Iowa
(42.469390000048634, -93.81649000001335)"
2004,Montana,15.80%,4.60%,25.10%,54.50%,"Montana
(47.06653000015956, -109.42441999998289)"
1995,Connecticut,18.60%,2%,28.80%,50.70%,"Connecticut
(41.56265999995918, -72.6498400002157)"
2001,New Mexico,16.10%,7.70%,24.90%,51.20%,"New Mexico
(34.52088000011207, -106.24057999976702)"
2003,West Virginia,22.60%,4.80%,25.80%,46.90%,"West Virginia
(38.66550999958696, -80.71263999973604)"
2010,Idaho,11.30%,4.40%,22.90%,61.50%,"Idaho
(43.682590000228515, -114.36368000023168)"
2009,Texas,11.70%,6.20%,21.60%,60.50%,"Texas
(31.82724000022597, -99.42676999973554)"
2008,Arizona,10.70%,5.20%,27.40%,56.70%,"Arizona
(34.86596999961597, -111.76380999973156)"
2000,Delaware,18.60%,4.20%,23.90%,53.20%,"Delaware
(39.00883000020451, -75.57774000040052)"
2009,Washington,10.70%,4.20%,26.70%,58.40%,"Washington
(47.522280000022135, -120.47001000026114)"
2007,Maine,16.20%,4%,30.80%,49.10%,"Maine
(45.25423000041434, -68.9850299999344)"
2008,Connecticut,11.60%,4.30%,30.10%,54%,"Connecticut
(41.56265999995918, -72.6498400002157)"
2005,Vermont,14.40%,4.90%,30.80%,50%,"Vermont
(43.625379999687425, -72.51764000028561)"
2006,New Hampshire,14.30%,4.40%,29.70%,51.60%,"New Hampshire
(43.65595000019255, -71.50036000041354)"
2002,Arkansas,21.50%,4.80%,24.90%,48.80%,"Arkansas
(34.748649999697875, -92.27448999971358)"
2005,Tennessee,20.40%,6.30%,22%,51.30%,"Tennessee
(35.68094000038087, -85.77449000011325)"
2005,West Virginia,21.30%,5.40%,24.30%,49%,"West Virginia
(38.66550999958696, -80.71263999973604)"
2004,Tennessee,21.50%,4.60%,22.20%,51.70%,"Tennessee
(35.68094000038087, -85.77449000011325)"
2000,Texas,15.40%,6.50%,21.90%,56.20%,"Texas
(31.82724000022597, -99.42676999973554)"
2008,Tennessee,18%,5.10%,21.80%,55%,"Tennessee
(35.68094000038087, -85.77449000011325)"
2006,South Carolina,16.50%,5.80%,24.50%,53.30%,"South Carolina
(33.99855000018255, -81.0452500001872)"
2000,Iowa,18.30%,4.90%,23.10%,53.70%,"Iowa
(42.469390000048634, -93.81649000001335)"
2006,Pennsylvania,16.60%,4.90%,25.50%,53%,"Pennsylvania
(40.79372999993973, -77.86069999960512)"
2005,Missouri,18.50%,4.90%,24.20%,52.40%,"Missouri
(38.63578999960896, -92.5663000000448)"
2009,Utah,6.90%,2.90%,15.10%,75.10%,"Utah
(39.36070000030492, -111.58712999994941)"
1999,Colorado,17.50%,4.90%,25.80%,51.70%,"Colorado
(38.842890000173554, -106.13314000041055)"
1999,New York,17%,4.80%,23.10%,55.10%,"New York
(42.82699999955048, -75.54396999981549)"
1997,Rhode Island,19.70%,4.60%,26.70%,49%,"Rhode Island
(41.70828000002217, -71.5224700001902)"
2004,Kentucky,23%,4.50%,20.40%,52.10%,"Kentucky
(37.645969999815804, -84.77496999996538)"
2000,Pennsylvania,19.30%,5.10%,24.50%,51.10%,"Pennsylvania
(40.79372999993973, -77.86069999960512)"
2006,Alaska,16.20%,7.70%,27.60%,48.50%,"Alaska
(64.84507999974238, -147.72205999986895)"
2010,Wisconsin,13.60%,5.50%,26.30%,54.60%,"Wisconsin
(44.39319000021851, -89.81636999977553)"
1995,Ohio,23.60%,2.20%,24%,50.20%,"Ohio
(40.06020999969189, -82.40426000019869)"
2006,Texas,12.60%,5.30%,21.70%,60.40%,"Texas
(31.82724000022597, -99.42676999973554)"
2005,Rhode Island,15.30%,4.40%,28.80%,51.40%,"Rhode Island
(41.70828000002217, -71.5224700001902)"
1997,New York,19.10%,4%,23.70%,53.20%,"New York
(42.82699999955048, -75.54396999981549)"
2000,Maine,20.70%,3.10%,29.90%,46.30%,"Maine
(45.25423000041434, -68.9850299999344)"
2004,Maryland,14.60%,5%,23%,57.50%,"Maryland
(39.29057999976732, -76.6092600004485)"
2003,California,11.30%,5.50%,25.20%,58%,"California
(37.638300000444815, -120.99958999997835)"
2000,South Carolina,18.80%,6.20%,21.90%,53.20%,"South Carolina
(33.99855000018255, -81.0452500001872)"
1997,Colorado,17%,5.50%,25.50%,51.90%,"Colorado
(38.842890000173554, -106.13314000041055)"
2010,Virginia,14.50%,4%,24.40%,57%,"Virginia
(37.54268000028196, -78.45789000012326)"
2005,Connecticut,12.40%,4.10%,29.40%,54.10%,"Connecticut
(41.56265999995918, -72.6498400002157)"
2004,District of Columbia,12.50%,8.40%,19.20%,59.90%,"District of Columbia
(38.89036999987576, -77.03195999965413)"
1996,Connecticut,17.40%,4.40%,28.20%,50%,"Connecticut
(41.56265999995918, -72.6498400002157)"
1996,Alaska,21.70%,6%,26%,46.30%,"Alaska
(64.84507999974238, -147.72205999986895)"
2010,Michigan,13.50%,5.40%,25.30%,55.70%,"Michigan
(44.661320000317914, -84.71438999959867)"
1999,Maryland,15.50%,4.80%,24.20%,55.50%,"Maryland
(39.29057999976732, -76.6092600004485)"
1995,Nevada,23.30%,2.50%,26.80%,47.40%,"Nevada
(39.49323999972637, -117.07183999971608)"
2003,Utah,8.60%,3.30%,16.60%,71.50%,"Utah
(39.36070000030492, -111.58712999994941)"
2005,Nevada,16.60%,6.50%,24%,52.90%,"Nevada
(39.49323999972637, -117.07183999971608)"
2006,Virginia,14.70%,4.60%,25.20%,55.50%,"Virginia
(37.54268000028196, -78.45789000012326)"
2005,North Carolina,17.10%,5.50%,23.60%,53.80%,"North Carolina
(35.46624999963797, -79.1593199999179)"
2008,Texas,11.70%,6.80%,21.50%,60%,"Texas
(31.82724000022597, -99.42676999973554)"
2003,Indiana,21.10%,5%,24.40%,49.50%,"Indiana
(39.76690999989677, -86.14996000035359)"
1997,Wyoming,19.50%,4.50%,25.40%,50.60%,"Wyoming
(43.23553999957147, -108.10982999975454)"
2001,Maryland,15.30%,5.80%,24.70%,54.20%,"Maryland
(39.29057999976732, -76.6092600004485)"
1998,Florida,18%,4%,26.10%,51.90%,"Florida
(28.932039999846268, -81.9289599999039)"
2008,Alaska,15.10%,6.40%,28.40%,50%,"Alaska
(64.84507999974238, -147.72205999986895)"
1996,Alabama,17.60%,4.80%,21.50%,56.10%,"Alabama
(32.840569999605975, -86.63186000013877)"
2001,North Carolina,21.30%,4.50%,23.80%,50.40%,"North Carolina
(35.46624999963797, -79.1593199999179)"
1997,Washington,18.60%,5.20%,26.90%,49.30%,"Washington
(47.522280000022135, -120.47001000026114)"
2001,Delaware,19%,6%,25.40%,49.50%,"Delaware
(39.00883000020451, -75.57774000040052)"
2006,Arkansas,18.80%,4.80%,25.10%,51.20%,"Arkansas
(34.748649999697875, -92.27448999971358)"
1996,Louisiana,21.90%,4%,21.50%,52.70%,"Louisiana
(31.31265999975932, -92.44567999993188)"
2008,Indiana,19.70%,6.30%,23%,51%,"Indiana
(39.76690999989677, -86.14996000035359)"
1997,Maryland,17.60%,2.90%,22.80%,56.80%,"Maryland
(39.29057999976732, -76.6092600004485)"
2007,Arkansas,17.30%,5.10%,23.70%,53.90%,"Arkansas
(34.748649999697875, -92.27448999971358)"
2008,Arkansas,17%,5.40%,26.30%,51.40%,"Arkansas
(34.748649999697875, -92.27448999971358)"
2009,Virginia,13.80%,5.20%,24.40%,56.50%,"Virginia
(37.54268000028196, -78.45789000012326)"
2004,South Carolina,18%,6.40%,21.90%,53.80%,"South Carolina
(33.99855000018255, -81.0452500001872)"
2001,Nebraska,15.80%,4.40%,22.30%,57.40%,"Nebraska
(41.6410400000961, -99.36572999973953)"
2003,Montana,14.80%,5.10%,28.40%,51.60%,"Montana
(47.06653000015956, -109.42441999998289)"
1996,Maine,22.60%,2.80%,27.80%,46.90%,"Maine
(45.25423000041434, -68.9850299999344)"
1996,Tennessee,25%,2.90%,19.90%,52.20%,"Tennessee
(35.68094000038087, -85.77449000011325)"
1997,New Jersey,16.60%,4.70%,26.20%,52.40%,"New Jersey
(40.13056999960594, -74.2736899996936)"
1999,Iowa,18.90%,4.60%,24.60%,51.90%,"Iowa
(42.469390000048634, -93.81649000001335)"
1997,Arkansas,24.80%,3.70%,20.20%,51.40%,"Arkansas
(34.748649999697875, -92.27448999971358)"
1998,Rhode Island,18.20%,4.40%,29%,48.40%,"Rhode Island
(41.70828000002217, -71.5224700001902)"
2008,Maryland,10.60%,4.30%,24.20%,60.90%,"Maryland
(39.29057999976732, -76.6092600004485)"
2010,Ohio,17.10%,5.40%,24.60%,52.90%,"Ohio
(40.06020999969189, -82.40426000019869)"
2007,Rhode Island,11.80%,5.20%,28.40%,54.60%,"Rhode Island
(41.70828000002217, -71.5224700001902)"
1995,Indiana,24.30%,2.70%,23%,50%,"Indiana
(39.76690999989677, -86.14996000035359)"
2007,Oklahoma,20%,5.80%,23.20%,51%,"Oklahoma
(35.4720099999617, -97.52034999975251)"
1999,Rhode Island,17.80%,4.40%,25.60%,52.20%,"Rhode Island
(41.70828000002217, -71.5224700001902)"
2009,Hawaii,10.40%,5%,26.90%,57.70%,"Hawaii
(21.304850000427336, -157.85774999956269)"
2005,Washington,12.50%,5%,27.30%,55.10%,"Washington
(47.522280000022135, -120.47001000026114)"
2003,Maryland,15.20%,4.90%,23.70%,56.20%,"Maryland
(39.29057999976732, -76.6092600004485)"
2000,Nevada,22%,7.10%,26.70%,44.30%,"Nevada
(39.49323999972637, -117.07183999971608)"
2001,New Jersey,15%,6.10%,26.20%,52.70%,"New Jersey
(40.13056999960594, -74.2736899996936)"
1995,North Dakota,20.10%,2.50%,24.20%,53.20%,"North Dakota
(47.475320000018144, -100.11841999998285)"
2006,Michigan,16.50%,5.80%,25.40%,52.20%,"Michigan
(44.661320000317914, -84.71438999959867)"
2006,Wyoming,16.40%,5.20%,24.90%,53.50%,"Wyoming
(43.23553999957147, -108.10982999975454)"
2001,Alabama,17.40%,6.50%,23.40%,52.80%,"Alabama
(32.840569999605975, -86.63186000013877)"
2003,Pennsylvania,20.20%,5.30%,25.20%,49.40%,"Pennsylvania
(40.79372999993973, -77.86069999960512)"
2004,Vermont,15%,5%,30.60%,49.40%,"Vermont
(43.625379999687425, -72.51764000028561)"
2004,Rhode Island,15.80%,5.50%,28.80%,49.90%,"Rhode Island
(41.70828000002217, -71.5224700001902)"
1995,Georgia,18.40%,1.90%,18.10%,61.60%,"Georgia
(32.83967999993223, -83.62758000031658)"
2005,Illinois,14.20%,5.70%,24%,56.10%,"Illinois
(40.485010000411364, -88.99770999971656)"
1995,Montana,18.90%,2.20%,29.20%,49.80%,"Montana
(47.06653000015956, -109.42441999998289)"
2004,Wisconsin,16.50%,5.40%,24.30%,53.80%,"Wisconsin
(44.39319000021851, -89.81636999977553)"
2007,Maryland,11.50%,5.60%,23.70%,59.30%,"Maryland
(39.29057999976732, -76.6092600004485)"
2007,Alabama,16.50%,6%,23.20%,54.30%,"Alabama
(32.840569999605975, -86.63186000013877)"
2006,Massachusetts,13%,4.70%,27.70%,54.50%,"Massachusetts
(42.27687000005062, -72.08269000004333)"
2001,Oregon,15%,5.50%,28.70%,50.90%,"Oregon
(44.567449999917756, -120.15502999983448)"
2010,Illinois,11.50%,5.40%,23.60%,59.50%,"Illinois
(40.485010000411364, -88.99770999971656)"
2003,Oklahoma,20.30%,4.80%,22.10%,52.70%,"Oklahoma
(35.4720099999617, -97.52034999975251)"
2000,New Hampshire,19.70%,5.60%,29.70%,45%,"New Hampshire
(43.65595000019255, -71.50036000041354)"
2009,Maine,12.50%,4.70%,31.10%,51.60%,"Maine
(45.25423000041434, -68.9850299999344)"
2010,Connecticut,9.20%,4%,29.20%,57.60%,"Connecticut
(41.56265999995918, -72.6498400002157)"
2003,Texas,15.60%,6.50%,21.60%,56.30%,"Texas
(31.82724000022597, -99.42676999973554)"
2004,Illinois,15.40%,6.80%,21.50%,56.20%,"Illinois
(40.485010000411364, -88.99770999971656)"
2007,Illinois,13.70%,6.40%,23.50%,56.40%,"Illinois
(40.485010000411364, -88.99770999971656)"
1997,Missouri,24.60%,4%,21.60%,49.70%,"Missouri
(38.63578999960896, -92.5663000000448)"
1995,Louisiana,21.10%,4%,22.30%,52.70%,"Louisiana
(31.31265999975932, -92.44567999993188)"
2002,Ohio,21.40%,5.20%,24.70%,48.70%,"Ohio
(40.06020999969189, -82.40426000019869)"
2006,Mississippi,17.90%,7.20%,21.10%,53.80%,"Mississippi
(32.7455100000866, -89.53803000008429)"
2001,California,12.10%,5.10%,25.90%,56.90%,"California
(37.638300000444815, -120.99958999997835)"
2006,West Virginia,21.30%,4.50%,24.70%,49.60%,"West Virginia
(38.66550999958696, -80.71263999973604)"
2005,Pennsylvania,17.90%,5.70%,25.40%,51%,"Pennsylvania
(40.79372999993973, -77.86069999960512)"
2002,Illinois,17.80%,5.10%,22.90%,54.30%,"Illinois
(40.485010000411364, -88.99770999971656)"
1998,Illinois,17%,6.10%,25%,51.90%,"Illinois
(40.485010000411364, -88.99770999971656)"
2008,Minnesota,12.10%,5.50%,27.10%,55.40%,"Minnesota
(46.3556499998478, -94.79419999982997)"
2008,California,8.90%,5.10%,23.30%,62.70%,"California
(37.638300000444815, -120.99958999997835)"
2009,South Dakota,12.50%,5%,27.20%,55.30%,"South Dakota
(44.353130000049646, -100.37353000040906)"
2001,North Dakota,15.60%,6.50%,24.80%,53.10%,"North Dakota
(47.475320000018144, -100.11841999998285)"
2007,Alaska,15.60%,6.70%,27.10%,50.70%,"Alaska
(64.84507999974238, -147.72205999986895)"
1996,Ohio,25.70%,2.70%,21.40%,50.20%,"Ohio
(40.06020999969189, -82.40426000019869)"
2010,Maine,13.90%,4.30%,30.20%,51.60%,"Maine
(45.25423000041434, -68.9850299999344)"
2007,South Carolina,16.20%,5.70%,25%,53.10%,"South Carolina
(33.99855000018255, -81.0452500001872)"
1998,New Jersey,15.20%,3.90%,26.40%,54.50%,"New Jersey
(40.13056999960594, -74.2736899996936)"
1995,Oklahoma,20.20%,1.30%,17.40%,61.20%,"Oklahoma
(35.4720099999617, -97.52034999975251)"
2000,New Jersey,14.80%,6.20%,22.40%,56.60%,"New Jersey
(40.13056999960594, -74.2736899996936)"
1996,Washington,19.10%,4.40%,26.80%,49.70%,"Washington
(47.522280000022135, -120.47001000026114)"
2007,Montana,14.80%,4.60%,26.60%,53.90%,"Montana
(47.06653000015956, -109.42441999998289)"
2003,Alabama,19.70%,5.70%,23.90%,50.80%,"Alabama
(32.840569999605975, -86.63186000013877)"
2005,Alabama,18.80%,6%,20.90%,54.30%,"Alabama
(32.840569999605975, -86.63186000013877)"
1999,California,12.50%,6.20%,26.40%,54.90%,"California
(37.638300000444815, -120.99958999997835)"
2007,Washington,12.20%,4.60%,26.20%,57%,"Washington
(47.522280000022135, -120.47001000026114)"
2001,Indiana,21.50%,5.90%,22.60%,50%,"Indiana
(39.76690999989677, -86.14996000035359)"
1998,Wyoming,19%,3.90%,25.20%,52%,"Wyoming
(43.23553999957147, -108.10982999975454)"
2009,California,8.10%,4.70%,23.20%,63.90%,"California
(37.638300000444815, -120.99958999997835)"
1996,Wyoming,20.10%,4.50%,25.10%,50.30%,"Wyoming
(43.23553999957147, -108.10982999975454)"
1999,Ohio,23.60%,4%,24%,48.40%,"Ohio
(40.06020999969189, -82.40426000019869)"
2009,New York,12.10%,5.90%,26.30%,55.70%,"New York
(42.82699999955048, -75.54396999981549)"
2008,Wisconsin,14.10%,5.70%,26.70%,53.50%,"Wisconsin
(44.39319000021851, -89.81636999977553)"
1995,Kentucky,24.90%,2.70%,22.30%,50.10%,"Kentucky
(37.645969999815804, -84.77496999996538)"
1998,Hawaii,15.80%,3.70%,26.10%,54.40%,"Hawaii
(21.304850000427336, -157.85774999956269)"
2003,Wyoming,19.80%,4.80%,26.20%,49.10%,"Wyoming
(43.23553999957147, -108.10982999975454)"
2008,Ohio,15.50%,4.60%,25.40%,54.40%,"Ohio
(40.06020999969189, -82.40426000019869)"
2002,Michigan,19.30%,4.80%,27.10%,48.70%,"Michigan
(44.661320000317914, -84.71438999959867)"
2005,District of Columbia,11.60%,8.50%,21.50%,58.50%,"District of Columbia
(38.89036999987576, -77.03195999965413)"
2003,Nebraska,16%,5.30%,24%,54.70%,"Nebraska
(41.6410400000961, -99.36572999973953)"
2008,North Dakota,13.30%,4.80%,25.40%,56.50%,"North Dakota
(47.475320000018144, -100.11841999998285)"
2000,Massachusetts,15.30%,4.70%,28.20%,51.90%,"Massachusetts
(42.27687000005062, -72.08269000004333)"
2008,Wyoming,14.90%,4.50%,25.40%,55.20%,"Wyoming
(43.23553999957147, -108.10982999975454)"
1998,Nevada,23.60%,6.70%,24%,45.60%,"Nevada
(39.49323999972637, -117.07183999971608)"
1997,District of Columbia,11.80%,7%,15.80%,65.40%,"District of Columbia
(38.89036999987576, -77.03195999965413)"
2010,Iowa,12.10%,4.10%,23.40%,60.40%,"Iowa
(42.469390000048634, -93.81649000001335)"
2006,Oregon,13.60%,4.80%,25.70%,55.80%,"Oregon
(44.567449999917756, -120.15502999983448)"
2006,New York,13.40%,4.90%,24.50%,57.30%,"New York
(42.82699999955048, -75.54396999981549)"
1997,Alabama,20.80%,3.90%,22%,53.30%,"Alabama
(32.840569999605975, -86.63186000013877)"
1996,Kentucky,27.90%,3.80%,23.20%,45.20%,"Kentucky
(37.645969999815804, -84.77496999996538)"
1996,Delaware,21%,3.30%,26.80%,49%,"Delaware
(39.00883000020451, -75.57774000040052)"
1995,Nebraska,19.40%,2.40%,25.70%,52.50%,"Nebraska
(41.6410400000961, -99.36572999973953)"
1998,North Carolina,20.50%,4.20%,23.40%,51.90%,"North Carolina
(35.46624999963797, -79.1593199999179)"
1995,Virginia,18.70%,2.70%,25.20%,53.50%,"Virginia
(37.54268000028196, -78.45789000012326)"
2002,Georgia,17.70%,5.60%,22.40%,54.30%,"Georgia
(32.83967999993223, -83.62758000031658)"
1997,Mississippi,19%,4.10%,21.30%,55.60%,"Mississippi
(32.7455100000866, -89.53803000008429)"
2003,District of Columbia,13.90%,8.10%,22.20%,55.80%,"District of Columbia
(38.89036999987576, -77.03195999965413)"
2006,Nebraska,13.80%,4.80%,23.80%,57.50%,"Nebraska
(41.6410400000961, -99.36572999973953)"
1999,North Dakota,17%,5.10%,24.70%,53.10%,"North Dakota
(47.475320000018144, -100.11841999998285)"
2006,South Dakota,14.70%,5.60%,24.80%,54.80%,"South Dakota
(44.353130000049646, -100.37353000040906)"
2005,Texas,13.20%,6.80%,21%,59%,"Texas
(31.82724000022597, -99.42676999973554)"
1999,Arkansas,22.60%,4.60%,23.10%,49.70%,"Arkansas
(34.748649999697875, -92.27448999971358)"
2008,Massachusetts,11.70%,4.40%,28.10%,55.80%,"Massachusetts
(42.27687000005062, -72.08269000004333)"
1999,Indiana,22.50%,4.50%,22%,51%,"Indiana
(39.76690999989677, -86.14996000035359)"
2008,Illinois,15.10%,6.20%,23.40%,55.30%,"Illinois
(40.485010000411364, -88.99770999971656)"
2004,Connecticut,13.20%,4.90%,30%,51.90%,"Connecticut
(41.56265999995918, -72.6498400002157)"
1999,Wyoming,19.10%,4.80%,24.90%,51.20%,"Wyoming
(43.23553999957147, -108.10982999975454)"
2003,South Carolina,19.60%,5.90%,23%,51.50%,"South Carolina
(33.99855000018255, -81.0452500001872)"
1998,Mississippi,19.10%,5%,21.90%,54%,"Mississippi
(32.7455100000866, -89.53803000008429)"
1999,Tennessee,21.90%,2.90%,20.70%,54.40%,"Tennessee
(35.68094000038087, -85.77449000011325)"
2004,Oklahoma,19.90%,6.20%,22.50%,51.40%,"Oklahoma
(35.4720099999617, -97.52034999975251)"
2010,North Carolina,14.30%,5.40%,24.50%,55.80%,"North Carolina
(35.46624999963797, -79.1593199999179)"
1996,Oklahoma,21.50%,2.50%,18.40%,57.50%,"Oklahoma
(35.4720099999617, -97.52034999975251)"
2006,District of Columbia,10.60%,7.30%,22.10%,60%,"District of Columbia
(38.89036999987576, -77.03195999965413)"
2005,Iowa,16.10%,4.30%,24.80%,54.80%,"Iowa
(42.469390000048634, -93.81649000001335)"
2003,New Hampshire,17%,4.20%,31%,47.80%,"New Hampshire
(43.65595000019255, -71.50036000041354)"
2010,Colorado,11.40%,4.60%,24.70%,59.30%,"Colorado
(38.842890000173554, -106.13314000041055)"
2007,Michigan,15.80%,5.40%,24.80%,54.10%,"Michigan
(44.661320000317914, -84.71438999959867)"
2007,Kansas,13.70%,4.20%,23.30%,58.80%,"Kansas
(38.34774000000118, -98.20077999969709)"
2010,Utah,6.40%,2.70%,14.30%,76.60%,"Utah
(39.36070000030492, -111.58712999994941)"
2000,Missouri,22.60%,4.60%,24.70%,48.10%,"Missouri
(38.63578999960896, -92.5663000000448)"
2003,Louisiana,20.40%,6.20%,20.70%,52.70%,"Louisiana
(31.31265999975932, -92.44567999993188)"
2009,Florida,12.80%,4.30%,27.60%,55.30%,"Florida
(28.932039999846268, -81.9289599999039)"
1997,Connecticut,17.20%,4.40%,29.10%,49.30%,"Connecticut
(41.56265999995918, -72.6498400002157)"
1997,Nebraska,18.50%,3.60%,22.70%,55.20%,"Nebraska
(41.6410400000961, -99.36572999973953)"
1997,South Dakota,18.80%,5.60%,25.80%,49.90%,"South Dakota
(44.353130000049646, -100.37353000040906)"
2006,Illinois,14.10%,6.40%,23.70%,55.80%,"Illinois
(40.485010000411364, -88.99770999971656)"
2004,Arkansas,19.40%,6.20%,24.70%,49.80%,"Arkansas
(34.748649999697875, -92.27448999971358)"
2000,Rhode Island,18.30%,5.10%,26.70%,49.90%,"Rhode Island
(41.70828000002217, -71.5224700001902)"
2005,Colorado,13.50%,6.30%,24.80%,55.40%,"Colorado
(38.842890000173554, -106.13314000041055)"
2002,North Carolina,21.20%,5.10%,24.10%,49.70%,"North Carolina
(35.46624999963797, -79.1593199999179)"
1997,Tennessee,23.70%,3.30%,21.30%,51.70%,"Tennessee
(35.68094000038087, -85.77449000011325)"
1996,New Mexico,16.70%,6.20%,24.20%,53%,"New Mexico
(34.52088000011207, -106.24057999976702)"
1997,Illinois,17.80%,5.40%,25.80%,51%,"Illinois
(40.485010000411364, -88.99770999971656)"
2000,Florida,17.70%,5.50%,27.40%,49.40%,"Florida
(28.932039999846268, -81.9289599999039)"
1995,Maine,22.20%,2.50%,27.20%,48.10%,"Maine
(45.25423000041434, -68.9850299999344)"
2010,Tennessee,15.70%,4.40%,22.90%,57%,"Tennessee
(35.68094000038087, -85.77449000011325)"
1998,Delaware,20.70%,3.70%,24.50%,51%,"Delaware
(39.00883000020451, -75.57774000040052)"
2001,Wisconsin,18.20%,5.40%,28.70%,47.80%,"Wisconsin
(44.39319000021851, -89.81636999977553)"
2002,Minnesota,16.20%,5.50%,26.80%,51.40%,"Minnesota
(46.3556499998478, -94.79419999982997)"
2010,Oklahoma,17.50%,6.20%,24.30%,52%,"Oklahoma
(35.4720099999617, -97.52034999975251)"
1998,Minnesota,13.30%,4.70%,18.60%,63.40%,"Minnesota
(46.3556499998478, -94.79419999982997)"
2009,Alaska,14.70%,5.90%,28.10%,51.30%,"Alaska
(64.84507999974238, -147.72205999986895)"
2000,District of Columbia,13.90%,7%,22%,57.10%,"District of Columbia
(38.89036999987576, -77.03195999965413)"
1995,Oregon,18.50%,3.20%,28.40%,49.90%,"Oregon
(44.567449999917756, -120.15502999983448)"
2002,Colorado,15.60%,4.70%,25.60%,54%,"Colorado
(38.842890000173554, -106.13314000041055)"
2003,Arizona,15.40%,5.50%,26.20%,53%,"Arizona
(34.86596999961597, -111.76380999973156)"
1996,New York,19.20%,4%,23.70%,53.10%,"New York
(42.82699999955048, -75.54396999981549)"
2000,Ohio,21.10%,5.10%,23.20%,50.60%,"Ohio
(40.06020999969189, -82.40426000019869)"
2001,Kansas,16.90%,5.40%,24.30%,53.50%,"Kansas
(38.34774000000118, -98.20077999969709)"
2006,Wisconsin,15.20%,5.60%,26%,53.20%,"Wisconsin
(44.39319000021851, -89.81636999977553)"
1999,Virginia,17%,4.30%,25.30%,53.30%,"Virginia
(37.54268000028196, -78.45789000012326)"
2003,New Mexico,15.80%,6.20%,25.90%,52.10%,"New Mexico
(34.52088000011207, -106.24057999976702)"
2000,Arkansas,19.90%,5.20%,24.50%,50.40%,"Arkansas
(34.748649999697875, -92.27448999971358)"
2007,New Hampshire,15.10%,4.20%,30.30%,50.40%,"New Hampshire
(43.65595000019255, -71.50036000041354)"
2008,Iowa,14.10%,4.60%,24.70%,56.60%,"Iowa
(42.469390000048634, -93.81649000001335)"
2001,Kentucky,26.20%,4.70%,23.60%,45.50%,"Kentucky
(37.645969999815804, -84.77496999996538)"
1999,Washington,17%,5.30%,26.80%,50.80%,"Washington
(47.522280000022135, -120.47001000026114)"
2010,Indiana,16.30%,5%,25.10%,53.70%,"Indiana
(39.76690999989677, -86.14996000035359)"
2010,Wyoming,14.90%,4.60%,24.60%,55.90%,"Wyoming
(43.23553999957147, -108.10982999975454)"
2008,Delaware,13.40%,4.40%,28.50%,53.70%,"Delaware
(39.00883000020451, -75.57774000040052)"
2003,Connecticut,13.90%,4.70%,31.20%,50.20%,"Connecticut
(41.56265999995918, -72.6498400002157)"
2003,New Jersey,14%,5.40%,26.30%,54.30%,"New Jersey
(40.13056999960594, -74.2736899996936)"
2009,Ohio,15.60%,4.70%,25.80%,53.80%,"Ohio
(40.06020999969189, -82.40426000019869)"
2006,Rhode Island,14.90%,4.30%,28.80%,52%,"Rhode Island
(41.70828000002217, -71.5224700001902)"
1996,Pennsylvania,20.30%,4.20%,23.20%,52.30%,"Pennsylvania
(40.79372999993973, -77.86069999960512)"
1999,South Carolina,18%,5.60%,20.40%,56%,"South Carolina
(33.99855000018255, -81.0452500001872)"
1997,Vermont,19.50%,3.80%,29.10%,47.70%,"Vermont
(43.625379999687425, -72.51764000028561)"
1998,West Virginia,24.90%,3.10%,23.80%,48.30%,"West Virginia
(38.66550999958696, -80.71263999973604)"
1996,Arizona,19.90%,3.90%,25.10%,51.20%,"Arizona
(34.86596999961597, -111.76380999973156)"
1998,California,13.60%,5.60%,26.20%,54.60%,"California
(37.638300000444815, -120.99958999997835)"
1999,District of Columbia,13.40%,7.10%,16.10%,63.30%,"District of Columbia
(38.89036999987576, -77.03195999965413)"
1998,New Hampshire,18.20%,5%,28.50%,48.20%,"New Hampshire
(43.65595000019255, -71.50036000041354)"
2001,Alaska,19%,7.20%,26.90%,46.90%,"Alaska
(64.84507999974238, -147.72205999986895)"
1999,Nevada,24.30%,7.20%,29%,39.50%,"Nevada
(39.49323999972637, -117.07183999971608)"
1996,Montana,19.10%,2.60%,27%,51.30%,"Montana
(47.06653000015956, -109.42441999998289)"
2001,Maine,18.20%,5.70%,31.90%,44.20%,"Maine
(45.25423000041434, -68.9850299999344)"
2002,Florida,17.80%,4.20%,25.10%,52.90%,"Florida
(28.932039999846268, -81.9289599999039)"
2001,South Dakota,16.60%,5.80%,25.20%,52.50%,"South Dakota
(44.353130000049646, -100.37353000040906)"
2005,Massachusetts,13.50%,4.60%,27.50%,54.50%,"Massachusetts
(42.27687000005062, -72.08269000004333)"
1997,Oklahoma,21.40%,3.20%,19.10%,56.30%,"Oklahoma
(35.4720099999617, -97.52034999975251)"
2005,Ohio,17.60%,4.80%,25.80%,51.90%,"Ohio
(40.06020999969189, -82.40426000019869)"
2004,Pennsylvania,17.50%,5.30%,23.90%,53.40%,"Pennsylvania
(40.79372999993973, -77.86069999960512)"
1995,Washington,17.50%,2.40%,29.90%,50.20%,"Washington
(47.522280000022135, -120.47001000026114)"
2010,Florida,12%,5.20%,29.80%,53%,"Florida
(28.932039999846268, -81.9289599999039)"
2008,District of Columbia,9.30%,7%,22.50%,61.20%,"District of Columbia
(38.89036999987576, -77.03195999965413)"
2008,Hawaii,11.80%,3.70%,25.40%,59.20%,"Hawaii
(21.304850000427336, -157.85774999956269)"
2010,West Virginia,23.20%,3.60%,24.40%,48.80%,"West Virginia
(38.66550999958696, -80.71263999973604)"
2008,Georgia,14.50%,5%,21.40%,59.10%,"Georgia
(32.83967999993223, -83.62758000031658)"
2002,Maine,19.60%,4%,33.40%,43.10%,"Maine
(45.25423000041434, -68.9850299999344)"
1996,Arkansas,21.90%,3.40%,18%,56.70%,"Arkansas
(34.748649999697875, -92.27448999971358)"
2003,Hawaii,14.10%,3.20%,24.10%,58.60%,"Hawaii
(21.304850000427336, -157.85774999956269)"
2007,Virginia,14.10%,4.40%,23.50%,58%,"Virginia
(37.54268000028196, -78.45789000012326)"
2007,South Dakota,14.20%,5.60%,24.30%,55.90%,"South Dakota
(44.353130000049646, -100.37353000040906)"
2006,Utah,7.10%,2.70%,16.60%,73.60%,"Utah
(39.36070000030492, -111.58712999994941)"
1997,Virginia,18.80%,5.60%,25.80%,49.80%,"Virginia
(37.54268000028196, -78.45789000012326)"
1995,Pennsylvania,20.40%,3.30%,28.30%,48%,"Pennsylvania
(40.79372999993973, -77.86069999960512)"
2001,Massachusetts,14.80%,4.70%,29.90%,50.60%,"Massachusetts
(42.27687000005062, -72.08269000004333)"
1995,Minnesota,17.40%,2.90%,23.60%,56.10%,"Minnesota
(46.3556499998478, -94.79419999982997)"
1995,Arizona,20.30%,2.40%,25.60%,51.70%,"Arizona
(34.86596999961597, -111.76380999973156)"
2003,Colorado,13.80%,4.70%,27.20%,54.20%,"Colorado
(38.842890000173554, -106.13314000041055)"
1995,Florida,20.30%,2.70%,28.50%,48.50%,"Florida
(28.932039999846268, -81.9289599999039)"
2006,Nevada,15.60%,6.50%,25.60%,52.30%,"Nevada
(39.49323999972637, -117.07183999971608)"
2007,Delaware,15.10%,3.80%,26.10%,54.90%,"Delaware
(39.00883000020451, -75.57774000040052)"
2000,Arizona,13.50%,5.20%,21.70%,59.70%,"Arizona
(34.86596999961597, -111.76380999973156)"
2007,Massachusetts,12%,4.40%,28.50%,55.10%,"Massachusetts
(42.27687000005062, -72.08269000004333)"
2005,California,9.80%,5.30%,23.30%,61.50%,"California
(37.638300000444815, -120.99958999997835)"
2004,Texas,13.60%,6.90%,20.20%,59.30%,"Texas
(31.82724000022597, -99.42676999973554)"
2001,West Virginia,23.50%,4.60%,24.70%,47.10%,"West Virginia
(38.66550999958696, -80.71263999973604)"
2008,Rhode Island,13.40%,4%,28.10%,54.50%,"Rhode Island
(41.70828000002217, -71.5224700001902)"
2007,Nebraska,14.50%,5.50%,23.80%,56.20%,"Nebraska
(41.6410400000961, -99.36572999973953)"
2003,Illinois,17.10%,6.30%,24.40%,52.20%,"Illinois
(40.485010000411364, -88.99770999971656)"
2002,Wyoming,19.20%,4.40%,26.50%,49.80%,"Wyoming
(43.23553999957147, -108.10982999975454)"
1996,Missouri,22.60%,5.20%,24.70%,47.50%,"Missouri
(38.63578999960896, -92.5663000000448)"
1995,New York,19.10%,2.20%,25.30%,53.40%,"New York
(42.82699999955048, -75.54396999981549)"
1998,Indiana,20.70%,5.30%,26%,48%,"Indiana
(39.76690999989677, -86.14996000035359)"
2003,Kentucky,26.80%,4%,22.50%,46.70%,"Kentucky
(37.645969999815804, -84.77496999996538)"
1999,Connecticut,17.50%,5.30%,25.30%,51.90%,"Connecticut
(41.56265999995918, -72.6498400002157)"
1999,Michigan,19.50%,5.60%,23.60%,51.30%,"Michigan
(44.661320000317914, -84.71438999959867)"
2006,Indiana,18.60%,5.50%,23.30%,52.70%,"Indiana
(39.76690999989677, -86.14996000035359)"
2001,Iowa,17%,5.10%,24.60%,53.20%,"Iowa
(42.469390000048634, -93.81649000001335)"
2002,Montana,15.70%,5.50%,26.10%,52.70%,"Montana
(47.06653000015956, -109.42441999998289)"
2000,New York,15.90%,5.70%,25.60%,52.90%,"New York
(42.82699999955048, -75.54396999981549)"
1999,Pennsylvania,18.40%,4.70%,23.30%,53.60%,"Pennsylvania
(40.79372999993973, -77.86069999960512)"
1999,Georgia,18.30%,5.40%,22.50%,53.70%,"Georgia
(32.83967999993223, -83.62758000031658)"
2009,Idaho,12.30%,4%,22.10%,61.60%,"Idaho
(43.682590000228515, -114.36368000023168)"
1997,North Carolina,21%,4.90%,22.40%,51.80%,"North Carolina
(35.46624999963797, -79.1593199999179)"
2004,Alabama,18.70%,6.10%,20.90%,54.30%,"Alabama
(32.840569999605975, -86.63186000013877)"
1997,Nevada,23.40%,4.60%,25.40%,46.60%,"Nevada
(39.49323999972637, -117.07183999971608)"
1995,Colorado,17.90%,3.60%,27.40%,51.10%,"Colorado
(38.842890000173554, -106.13314000041055)"
1995,New Mexico,17.60%,3.10%,27.70%,51.70%,"New Mexico
(34.52088000011207, -106.24057999976702)"
1998,South Carolina,19.60%,5.10%,20.70%,54.60%,"South Carolina
(33.99855000018255, -81.0452500001872)"
2003,South Dakota,16.40%,6.30%,25.30%,52%,"South Dakota
(44.353130000049646, -100.37353000040906)"
2003,Oregon,15.80%,5.20%,26.70%,52.40%,"Oregon
(44.567449999917756, -120.15502999983448)"
2003,Iowa,16.20%,5.40%,24.50%,53.80%,"Iowa
(42.469390000048634, -93.81649000001335)"
1998,North Dakota,17%,3%,28.20%,51.80%,"North Dakota
(47.475320000018144, -100.11841999998285)"
2002,North Dakota,16.40%,5.10%,26.50%,52%,"North Dakota
(47.475320000018144, -100.11841999998285)"
2010,South Carolina,14%,7%,24.10%,54.90%,"South Carolina
(33.99855000018255, -81.0452500001872)"
2006,Delaware,16.70%,5.10%,27.30%,50.90%,"Delaware
(39.00883000020451, -75.57774000040052)"
2002,Indiana,23%,4.70%,23.30%,49.10%,"Indiana
(39.76690999989677, -86.14996000035359)"
2003,Mississippi,19.70%,5.80%,20.70%,53.80%,"Mississippi
(32.7455100000866, -89.53803000008429)"
1995,South Dakota,19.80%,1.90%,24%,54.20%,"South Dakota
(44.353130000049646, -100.37353000040906)"
1996,Mississippi,19.70%,3.50%,21.10%,55.70%,"Mississippi
(32.7455100000866, -89.53803000008429)"
1998,Utah,10.50%,3.70%,18.70%,67.10%,"Utah
(39.36070000030492, -111.58712999994941)"
2003,Tennessee,21.10%,4.50%,18.90%,55.40%,"Tennessee
(35.68094000038087, -85.77449000011325)"
2009,Illinois,12%,6.60%,23.10%,58.30%,"Illinois
(40.485010000411364, -88.99770999971656)"
1998,Nebraska,17.40%,4.60%,24.40%,53.50%,"Nebraska
(41.6410400000961, -99.36572999973953)"
2005,Oregon,13.40%,5.10%,27.40%,54%,"Oregon
(44.567449999917756, -120.15502999983448)"
1999,Arizona,17.90%,2.20%,17.80%,62.10%,"Arizona
(34.86596999961597, -111.76380999973156)"
1998,Wisconsin,18.70%,4.70%,29.40%,47.20%,"Wisconsin
(44.39319000021851, -89.81636999977553)"
2009,Vermont,12.50%,4.60%,31.60%,51.30%,"Vermont
(43.625379999687425, -72.51764000028561)"
2003,Wisconsin,17.30%,4.70%,27.30%,50.70%,"Wisconsin
(44.39319000021851, -89.81636999977553)"
2010,Oregon,11%,4.10%,28.20%,56.70%,"Oregon
(44.567449999917756, -120.15502999983448)"
2003,Arkansas,20.50%,4.20%,25.40%,49.80%,"Arkansas
(34.748649999697875, -92.27448999971358)"
2001,Idaho,15.20%,4.40%,24.40%,56%,"Idaho
(43.682590000228515, -114.36368000023168)"
2006,North Carolina,17%,5.10%,24.10%,53.90%,"North Carolina
(35.46624999963797, -79.1593199999179)"
2004,Ohio,20.80%,5%,22.10%,52%,"Ohio
(40.06020999969189, -82.40426000019869)"
1997,Florida,19.80%,3.80%,26.40%,50%,"Florida
(28.932039999846268, -81.9289599999039)"
1997,Wisconsin,19.70%,3.50%,25.30%,51.50%,"Wisconsin
(44.39319000021851, -89.81636999977553)"
2003,Florida,17.40%,6.50%,26.80%,49.30%,"Florida
(28.932039999846268, -81.9289599999039)"
2009,Arizona,11%,5.10%,26%,57.80%,"Arizona
(34.86596999961597, -111.76380999973156)"
2003,Minnesota,15.90%,5.20%,28.30%,50.60%,"Minnesota
(46.3556499998478, -94.79419999982997)"
2005,Kansas,13.60%,4.20%,24.40%,57.80%,"Kansas
(38.34774000000118, -98.20077999969709)"
2004,Colorado,13.80%,6.20%,24.40%,55.60%,"Colorado
(38.842890000173554, -106.13314000041055)"
1999,Missouri,22.70%,4.30%,24.70%,48.20%,"Missouri
(38.63578999960896, -92.5663000000448)"
2008,Colorado,12.30%,5.40%,24.90%,57.50%,"Colorado
(38.842890000173554, -106.13314000041055)"
1998,Connecticut,15.30%,5.60%,28.20%,50.90%,"Connecticut
(41.56265999995918, -72.6498400002157)"
1996,California,13%,5.60%,25%,56.40%,"California
(37.638300000444815, -120.99958999997835)"
2006,Iowa,17.10%,4.30%,23.70%,54.80%,"Iowa
(42.469390000048634, -93.81649000001335)"
2009,North Carolina,14.40%,5.90%,26.20%,53.50%,"North Carolina
(35.46624999963797, -79.1593199999179)"
2010,New Hampshire,12.40%,4.50%,30.70%,52.40%,"New Hampshire
(43.65595000019255, -71.50036000041354)"
2005,New Hampshire,15.40%,5%,29.50%,50.10%,"New Hampshire
(43.65595000019255, -71.50036000041354)"
2005,Hawaii,12.10%,4.90%,26.20%,56.80%,"Hawaii
(21.304850000427336, -157.85774999956269)"
2005,Nebraska,16.10%,5.20%,22.70%,56.10%,"Nebraska
(41.6410400000961, -99.36572999973953)"
2002,Kansas,17.60%,4.50%,24.30%,53.60%,"Kansas
(38.34774000000118, -98.20077999969709)"
1995,West Virginia,23.70%,1.90%,23.30%,51.10%,"West Virginia
(38.66550999958696, -80.71263999973604)"
2004,Georgia,15%,5%,20.90%,59.10%,"Georgia
(32.83967999993223, -83.62758000031658)"
2007,Utah,8.30%,3.40%,15.80%,72.50%,"Utah
(39.36070000030492, -111.58712999994941)"
2009,Kentucky,20.60%,5%,25.30%,49.10%,"Kentucky
(37.645969999815804, -84.77496999996538)"
1997,Maine,19.80%,2.90%,31%,46.30%,"Maine
(45.25423000041434, -68.9850299999344)"
2006,Colorado,12.30%,5.60%,24.50%,57.60%,"Colorado
(38.842890000173554, -106.13314000041055)"
2008,New Hampshire,12.80%,4.20%,31.10%,51.90%,"New Hampshire
(43.65595000019255, -71.50036000041354)"
1998,Oklahoma,20.20%,3.60%,19.60%,56.50%,"Oklahoma
(35.4720099999617, -97.52034999975251)"
2000,Mississippi,18.80%,4.70%,20.50%,56%,"Mississippi
(32.7455100000866, -89.53803000008429)"
2007,New Mexico,13.10%,7.60%,24.80%,54.40%,"New Mexico
(34.52088000011207, -106.24057999976702)"
2009,Minnesota,11.30%,5.50%,26.40%,56.80%,"Minnesota
(46.3556499998478, -94.79419999982997)"
2004,North Carolina,17.60%,5.50%,21.20%,55.60%,"North Carolina
(35.46624999963797, -79.1593199999179)"
2010,Delaware,12.80%,4.50%,26.80%,56%,"Delaware
(39.00883000020451, -75.57774000040052)"
2003,Idaho,15%,4%,23.50%,57.60%,"Idaho
(43.682590000228515, -114.36368000023168)"
1998,Washington,16.90%,4.50%,27.60%,51.10%,"Washington
(47.522280000022135, -120.47001000026114)"
2004,Utah,7.80%,2.70%,15.80%,73.80%,"Utah
(39.36070000030492, -111.58712999994941)"
2007,Kentucky,23.50%,4.70%,23.90%,47.90%,"Kentucky
(37.645969999815804, -84.77496999996538)"
1995,Massachusetts,18.80%,2.80%,30%,48.40%,"Massachusetts
(42.27687000005062, -72.08269000004333)"
2009,Delaware,13.30%,5%,28.40%,53.40%,"Delaware
(39.00883000020451, -75.57774000040052)"
2000,Alaska,18.60%,6.40%,28.10%,46.80%,"Alaska
(64.84507999974238, -147.72205999986895)"
2001,Louisiana,19%,5.60%,19.90%,55.40%,"Louisiana
(31.31265999975932, -92.44567999993188)"
2008,Kentucky,20.50%,4.70%,25.30%,49.50%,"Kentucky
(37.645969999815804, -84.77496999996538)"
1996,West Virginia,23.90%,2.80%,22.90%,50.50%,"West Virginia
(38.66550999958696, -80.71263999973604)"
2010,Hawaii,10.70%,3.80%,25.30%,60.20%,"Hawaii
(21.304850000427336, -157.85774999956269)"
2001,Minnesota,16.90%,5.30%,28.30%,49.50%,"Minnesota
(46.3556499998478, -94.79419999982997)"
2000,North Dakota,17.50%,5.80%,23.40%,53.40%,"North Dakota
(47.475320000018144, -100.11841999998285)"
1999,Florida,16.30%,4.30%,26.80%,52.60%,"Florida
(28.932039999846268, -81.9289599999039)"
2001,Oklahoma,23.10%,5.60%,21.80%,49.50%,"Oklahoma
(35.4720099999617, -97.52034999975251)"
2000,Virginia,16.10%,5.30%,23.30%,55.30%,"Virginia
(37.54268000028196, -78.45789000012326)"
1998,Montana,18.50%,2.90%,26.70%,51.80%,"Montana
(47.06653000015956, -109.42441999998289)"
1997,Oregon,16.20%,4.50%,30.40%,48.90%,"Oregon
(44.567449999917756, -120.15502999983448)"
2004,New Mexico,13.20%,7.10%,24.10%,55.60%,"New Mexico
(34.52088000011207, -106.24057999976702)"
2002,Maryland,16.30%,5.60%,23.70%,54.40%,"Maryland
(39.29057999976732, -76.6092600004485)"
2000,Utah,9.60%,3.30%,18.40%,68.80%,"Utah
(39.36070000030492, -111.58712999994941)"
2008,New York,11.80%,5%,25.40%,57.80%,"New York
(42.82699999955048, -75.54396999981549)"
2002,New Jersey,14%,5%,26%,55%,"New Jersey
(40.13056999960594, -74.2736899996936)"
2004,New Hampshire,16.50%,5.10%,28.50%,49.80%,"New Hampshire
(43.65595000019255, -71.50036000041354)"
2009,Pennsylvania,15.10%,5.10%,26%,53.70%,"Pennsylvania
(40.79372999993973, -77.86069999960512)"
1997,Hawaii,14.30%,4.40%,26.40%,54.90%,"Hawaii
(21.304850000427336, -157.85774999956269)"
2003,Washington,14.60%,5%,26.20%,54.20%,"Washington
(47.522280000022135, -120.47001000026114)"
1999,South Dakota,17.60%,4.80%,25.10%,52.40%,"South Dakota
(44.353130000049646, -100.37353000040906)"
2006,Tennessee,18.40%,4.10%,23.50%,53.90%,"Tennessee
(35.68094000038087, -85.77449000011325)"
2000,Wisconsin,18.10%,6%,27.10%,48.80%,"Wisconsin
(44.39319000021851, -89.81636999977553)"
2008,Louisiana,16%,4.50%,19.90%,59.70%,"Louisiana
(31.31265999975932, -92.44567999993188)"
1998,Arizona,19.80%,2.10%,17.30%,60.90%,"Arizona
(34.86596999961597, -111.76380999973156)"
1997,Massachusetts,16.40%,4.10%,29.70%,49.80%,"Massachusetts
(42.27687000005062, -72.08269000004333)"
1999,Kansas,18.10%,3%,22.50%,56.40%,"Kansas
(38.34774000000118, -98.20077999969709)"
1996,Vermont,18.90%,5.20%,29.20%,46.70%,"Vermont
(43.625379999687425, -72.51764000028561)"
2006,Kansas,15.20%,4.80%,24.10%,55.90%,"Kansas
(38.34774000000118, -98.20077999969709)"
2002,West Virginia,23.80%,4.70%,24.20%,47.40%,"West Virginia
(38.66550999958696, -80.71263999973604)"
2005,Arizona,13.70%,6.60%,25.50%,54.30%,"Arizona
(34.86596999961597, -111.76380999973156)"
2008,Kansas,13.20%,4.70%,23.20%,59%,"Kansas
(38.34774000000118, -98.20077999969709)"
2003,Rhode Island,17.20%,5.10%,29.10%,48.50%,"Rhode Island
(41.70828000002217, -71.5224700001902)"
2000,Indiana,22.40%,4.60%,22.60%,50.50%,"Indiana
(39.76690999989677, -86.14996000035359)"
2000,Connecticut,15.30%,4.60%,27.80%,52.30%,"Connecticut
(41.56265999995918, -72.6498400002157)"
2003,Georgia,16.50%,6.20%,21.70%,55.60%,"Georgia
(32.83967999993223, -83.62758000031658)"
1995,Maryland,18%,3.10%,20.60%,58.30%,"Maryland
(39.29057999976732, -76.6092600004485)"
2004,Wyoming,16.50%,5.20%,24.90%,53.40%,"Wyoming
(43.23553999957147, -108.10982999975454)"
1999,Kentucky,25.60%,4.20%,23.20%,47.10%,"Kentucky
(37.645969999815804, -84.77496999996538)"
1999,Hawaii,14.40%,4.10%,22.90%,58.60%,"Hawaii
(21.304850000427336, -157.85774999956269)"
2008,Idaho,12.50%,4.40%,21.90%,61.20%,"Idaho
(43.682590000228515, -114.36368000023168)"
2009,Missouri,18.30%,4.80%,24.80%,52.10%,"Missouri
(38.63578999960896, -92.5663000000448)"
2006,Missouri,18.60%,4.60%,26.80%,50%,"Missouri
(38.63578999960896, -92.5663000000448)"
2008,Maine,14%,4.10%,31.70%,50.10%,"Maine
(45.25423000041434, -68.9850299999344)"
2009,District of Columbia,9.10%,6.20%,24.20%,60.60%,"District of Columbia
(38.89036999987576, -77.03195999965413)"
2010,Texas,10.50%,5.30%,21.30%,62.90%,"Texas
(31.82724000022597, -99.42676999973554)"
2007,Idaho,14.50%,4.60%,22.60%,58.30%,"Idaho
(43.682590000228515, -114.36368000023168)"
1996,Michigan,21%,4.70%,25.90%,48.50%,"Michigan
(44.661320000317914, -84.71438999959867)"
2001,Connecticut,14.90%,5.80%,28.90%,50.50%,"Connecticut
(41.56265999995918, -72.6498400002157)"
1996,Georgia,17.30%,3%,14.20%,65.60%,"Georgia
(32.83967999993223, -83.62758000031658)"
2002,Massachusetts,14.40%,4.50%,29.10%,52%,"Massachusetts
(42.27687000005062, -72.08269000004333)"
1996,Illinois,20.40%,4.40%,23.40%,51.80%,"Illinois
(40.485010000411364, -88.99770999971656)"
2008,Pennsylvania,15.60%,5.70%,25.30%,53.30%,"Pennsylvania
(40.79372999993973, -77.86069999960512)"
2005,Alaska,18.80%,6.20%,23.80%,51.20%,"Alaska
(64.84507999974238, -147.72205999986895)"
2004,California,10%,4.70%,24.20%,61.10%,"California
(37.638300000444815, -120.99958999997835)"
1998,Virginia,18.10%,4.80%,23.20%,53.90%,"Virginia
(37.54268000028196, -78.45789000012326)"
1996,North Dakota,19.50%,3.90%,25.50%,51.20%,"North Dakota
(47.475320000018144, -100.11841999998285)"
1997,California,12.60%,5.90%,26.90%,54.60%,"California
(37.638300000444815, -120.99958999997835)"
2004,Minnesota,15.20%,5.50%,26.80%,52.50%,"Minnesota
(46.3556499998478, -94.79419999982997)"
2009,Arkansas,15.50%,5.90%,28.10%,50.40%,"Arkansas
(34.748649999697875, -92.27448999971358)"
2008,Oregon,11.80%,4.50%,24.70%,59%,"Oregon
(44.567449999917756, -120.15502999983448)"
2010,Minnesota,11.30%,3.60%,25.90%,59.20%,"Minnesota
(46.3556499998478, -94.79419999982997)"
2000,Wyoming,18.20%,5.60%,25.10%,51.10%,"Wyoming
(43.23553999957147, -108.10982999975454)"
2006,Louisiana,17.70%,5.70%,20.10%,56.40%,"Louisiana
(31.31265999975932, -92.44567999993188)"
2002,Nebraska,17.80%,4.90%,22.90%,54.40%,"Nebraska
(41.6410400000961, -99.36572999973953)"
2000,Washington,14.80%,5.90%,28.80%,50.50%,"Washington
(47.522280000022135, -120.47001000026114)"
2002,Virginia,19.40%,5.30%,22.40%,53%,"Virginia
(37.54268000028196, -78.45789000012326)"
2009,Colorado,12.10%,5%,25.50%,57.40%,"Colorado
(38.842890000173554, -106.13314000041055)"
1995,Alabama,21.90%,2.10%,21.10%,54.80%,"Alabama
(32.840569999605975, -86.63186000013877)"
2000,Hawaii,15.80%,3.90%,24.20%,56.20%,"Hawaii
(21.304850000427336, -157.85774999956269)"
2003,Massachusetts,14.50%,4.60%,31%,49.90%,"Massachusetts
(42.27687000005062, -72.08269000004333)"
2002,Hawaii,17.10%,3.90%,24.30%,54.70%,"Hawaii
(21.304850000427336, -157.85774999956269)"
1999,Alabama,18.10%,5.30%,24.20%,52.30%,"Alabama
(32.840569999605975, -86.63186000013877)"
2008,Florida,12.80%,4.70%,26.10%,56.40%,"Florida
(28.932039999846268, -81.9289599999039)"
2005,Louisiana,16.40%,6.10%,21%,56.50%,"Louisiana
(31.31265999975932, -92.44567999993188)"
2001,District of Columbia,12.20%,8.50%,23.30%,55.90%,"District of Columbia
(38.89036999987576, -77.03195999965413)"
1997,Idaho,15.60%,4.30%,24.30%,55.80%,"Idaho
(43.682590000228515, -114.36368000023168)"
2010,Pennsylvania,13.40%,5%,26.20%,55.40%,"Pennsylvania
(40.79372999993973, -77.86069999960512)"
2004,West Virginia,21.80%,5.10%,25.10%,48%,"West Virginia
(38.66550999958696, -80.71263999973604)"
2000,Oregon,15.30%,5.40%,28.30%,50.90%,"Oregon
(44.567449999917756, -120.15502999983448)"
2005,New Jersey,12.80%,5.20%,25.50%,56.50%,"New Jersey
(40.13056999960594, -74.2736899996936)"
2006,Arizona,12.10%,6.10%,24.90%,56.90%,"Arizona
(34.86596999961597, -111.76380999973156)"
2002,California,11.10%,5.30%,23.90%,59.60%,"California
(37.638300000444815, -120.99958999997835)"
1998,Oregon,16.30%,4.80%,27.40%,51.60%,"Oregon
(44.567449999917756, -120.15502999983448)"
2004,Kansas,15.30%,4.50%,21.70%,58.50%,"Kansas
(38.34774000000118, -98.20077999969709)"
2004,New Jersey,13%,5.80%,24.40%,56.80%,"New Jersey
(40.13056999960594, -74.2736899996936)"
2004,New York,14.20%,5.70%,24.20%,55.90%,"New York
(42.82699999955048, -75.54396999981549)"
1996,Nevada,25.10%,3%,26.80%,45%,"Nevada
(39.49323999972637, -117.07183999971608)"
2000,Minnesota,15.20%,4.50%,23.10%,57.10%,"Minnesota
(46.3556499998478, -94.79419999982997)"
1999,Minnesota,15.10%,4.40%,20%,60.50%,"Minnesota
(46.3556499998478, -94.79419999982997)"
2004,Nevada,16.50%,6.80%,24.40%,52.30%,"Nevada
(39.49323999972637, -117.07183999971608)"
2000,Alabama,19.30%,5.90%,24%,50.80%,"Alabama
(32.840569999605975, -86.63186000013877)"
1997,Ohio,23.20%,1.90%,22.70%,52.20%,"Ohio
(40.06020999969189, -82.40426000019869)"
1995,Arkansas,22.70%,2.30%,23.50%,51.50%,"Arkansas
(34.748649999697875, -92.27448999971358)"
2003,North Dakota,16.10%,4.40%,25.60%,53.90%,"North Dakota
(47.475320000018144, -100.11841999998285)"
1999,Oklahoma,22.40%,2.80%,18.70%,56.10%,"Oklahoma
(35.4720099999617, -97.52034999975251)"
2002,Delaware,19.50%,5.10%,26.30%,49%,"Delaware
(39.00883000020451, -75.57774000040052)"
2010,New Mexico,11.40%,7.10%,24.70%,56.90%,"New Mexico
(34.52088000011207, -106.24057999976702)"
2009,North Dakota,13.40%,5.20%,24%,57.40%,"North Dakota
(47.475320000018144, -100.11841999998285)"
2005,Wisconsin,15.90%,4.90%,26.10%,53.20%,"Wisconsin
(44.39319000021851, -89.81636999977553)"
2009,Alabama,16.50%,6%,22.80%,54.60%,"Alabama
(32.840569999605975, -86.63186000013877)"
2000,South Dakota,16.80%,5.10%,24.60%,53.50%,"South Dakota
(44.353130000049646, -100.37353000040906)"
2004,Maine,17%,3.90%,31.30%,47.80%,"Maine
(45.25423000041434, -68.9850299999344)"
1997,South Carolina,20.20%,3.20%,20%,56.60%,"South Carolina
(33.99855000018255, -81.0452500001872)"
2002,Utah,9.90%,2.80%,17.10%,70.10%,"Utah
(39.36070000030492, -111.58712999994941)"
2002,Oregon,17.30%,5.10%,28.10%,49.40%,"Oregon
(44.567449999917756, -120.15502999983448)"
2001,Mississippi,19.60%,5.70%,21.10%,53.60%,"Mississippi
(32.7455100000866, -89.53803000008429)"
2003,North Carolina,18.80%,6%,23.20%,52%,"North Carolina
(35.46624999963797, -79.1593199999179)"
2009,Indiana,17.10%,6%,23.70%,53.20%,"Indiana
(39.76690999989677, -86.14996000035359)"
1999,West Virginia,23.80%,3.30%,23.80%,49%,"West Virginia
(38.66550999958696, -80.71263999973604)"
2000,Idaho,16.90%,5.40%,24.60%,53.10%,"Idaho
(43.682590000228515, -114.36368000023168)"
1996,Wisconsin,19.70%,5.20%,25.90%,49.20%,"Wisconsin
(44.39319000021851, -89.81636999977553)"
1996,Texas,17%,5.90%,21.20%,55.90%,"Texas
(31.82724000022597, -99.42676999973554)"
2004,Oregon,14.30%,5.80%,24.70%,55.30%,"Oregon
(44.567449999917756, -120.15502999983448)"
2002,Iowa,18.80%,4.30%,23.40%,53.40%,"Iowa
(42.469390000048634, -93.81649000001335)"
2004,Mississippi,18.10%,6.50%,19.30%,56.20%,"Mississippi
(32.7455100000866, -89.53803000008429)"
1999,Oregon,16.10%,5.40%,28.10%,50.50%,"Oregon
(44.567449999917756, -120.15502999983448)"
2006,Maryland,13%,4.70%,22.60%,59.70%,"Maryland
(39.29057999976732, -76.6092600004485)"
1998,Maine,19.40%,2.90%,31.30%,46.40%,"Maine
(45.25423000041434, -68.9850299999344)"
1996,Colorado,16.70%,6.10%,24.20%,53.10%,"Colorado
(38.842890000173554, -106.13314000041055)"
1995,Wyoming,19.10%,2.90%,26.80%,51.20%,"Wyoming
(43.23553999957147, -108.10982999975454)"
2001,Michigan,19.70%,5.90%,25.70%,48.70%,"Michigan
(44.661320000317914, -84.71438999959867)"
1997,Montana,18%,2.50%,26.60%,52.90%,"Montana
(47.06653000015956, -109.42441999998289)"
1996,Idaho,16.80%,4.40%,22.80%,56%,"Idaho
(43.682590000228515, -114.36368000023168)"
1999,North Carolina,21%,4.20%,23.20%,51.60%,"North Carolina
(35.46624999963797, -79.1593199999179)"
1998,Colorado,17.10%,5.70%,24.30%,52.90%,"Colorado
(38.842890000173554, -106.13314000041055)"
2010,Rhode Island,10.90%,4.80%,28.40%,55.90%,"Rhode Island
(41.70828000002217, -71.5224700001902)"
2008,Virginia,12.40%,4.10%,24%,59.50%,"Virginia
(37.54268000028196, -78.45789000012326)"
1998,Tennessee,22.70%,3.30%,21.50%,52.40%,"Tennessee
(35.68094000038087, -85.77449000011325)"
2009,Wyoming,15.30%,4.60%,26.10%,54%,"Wyoming
(43.23553999957147, -108.10982999975454)"
1997,Iowa,18.70%,4.40%,24%,52.90%,"Iowa
(42.469390000048634, -93.81649000001335)"
1995,Hawaii,15.10%,2.50%,21.60%,60.90%,"Hawaii
(21.304850000427336, -157.85774999956269)"
2006,New Mexico,13.80%,6.40%,24.70%,55.10%,"New Mexico
(34.52088000011207, -106.24057999976702)"
2008,Nevada,16.40%,5.80%,25.10%,52.70%,"Nevada
(39.49323999972637, -117.07183999971608)"
1995,Idaho,18%,1.60%,24.10%,56.20%,"Idaho
(43.682590000228515, -114.36368000023168)"
2007,Arizona,13.60%,6.10%,24%,56.20%,"Arizona
(34.86596999961597, -111.76380999973156)"
2010,Alaska,13.50%,6.80%,26.10%,53.60%,"Alaska
(64.84507999974238, -147.72205999986895)"
2010,Missouri,16.60%,4.40%,26.10%,52.80%,"Missouri
(38.63578999960896, -92.5663000000448)"
1996,Massachusetts,18.40%,4.90%,30.40%,46.20%,"Massachusetts
(42.27687000005062, -72.08269000004333)"
1995,Vermont,18.90%,3.20%,31.50%,46.50%,"Vermont
(43.625379999687425, -72.51764000028561)"
2007,District of Columbia,11.10%,6.10%,22.40%,60.40%,"District of Columbia
(38.89036999987576, -77.03195999965413)"
1995,New Jersey,15.30%,3.70%,25.30%,55.70%,"New Jersey
(40.13056999960594, -74.2736899996936)"
2004,North Dakota,14.80%,5.10%,23.60%,56.50%,"North Dakota
(47.475320000018144, -100.11841999998285)"
2001,Arizona,15.50%,6%,25.40%,53%,"Arizona
(34.86596999961597, -111.76380999973156)"
1997,Michigan,21.20%,4.80%,25%,48.90%,"Michigan
(44.661320000317914, -84.71438999959867)"
1995,Illinois,19.90%,2.90%,23.70%,53.40%,"Illinois
(40.485010000411364, -88.99770999971656)"
2005,North Dakota,15%,5.20%,25.50%,54.40%,"North Dakota
(47.475320000018144, -100.11841999998285)"
2010,Washington,11%,4.20%,25.50%,59.30%,"Washington
(47.522280000022135, -120.47001000026114)"
2008,Michigan,15%,5.50%,25.50%,54.10%,"Michigan
(44.661320000317914, -84.71438999959867)"
1995,Texas,19.90%,3.60%,23.70%,52.80%,"Texas
(31.82724000022597, -99.42676999973554)"
2007,Ohio,17.70%,5.40%,24.80%,52.10%,"Ohio
(40.06020999969189, -82.40426000019869)"
2010,Georgia,12.80%,4.80%,23.10%,59.30%,"Georgia
(32.83967999993223, -83.62758000031658)"
2005,Oklahoma,19%,6%,24%,50.90%,"Oklahoma
(35.4720099999617, -97.52034999975251)"
2002,South Dakota,17.50%,5.10%,22.40%,55%,"South Dakota
(44.353130000049646, -100.37353000040906)"
1998,Ohio,21.60%,4.50%,23.60%,50.30%,"Ohio
(40.06020999969189, -82.40426000019869)"
2003,Nevada,20.30%,4.90%,25.20%,49.70%,"Nevada
(39.49323999972637, -117.07183999971608)"
2002,Mississippi,21.40%,5.90%,20%,52.70%,"Mississippi
(32.7455100000866, -89.53803000008429)"
1995,Michigan,21.50%,4.10%,28.30%,46.20%,"Michigan
(44.661320000317914, -84.71438999959867)"
2006,Washington,12.30%,4.70%,26.40%,56.60%,"Washington
(47.522280000022135, -120.47001000026114)"
2007,Oregon,13.10%,3.80%,28.20%,54.90%,"Oregon
(44.567449999917756, -120.15502999983448)"
2007,Texas,13%,6.40%,20.70%,60%,"Texas
(31.82724000022597, -99.42676999973554)"
2000,Oklahoma,19.80%,3.50%,19.30%,57.40%,"Oklahoma
(35.4720099999617, -97.52034999975251)"
2009,South Carolina,14.60%,5.70%,24.50%,55.20%,"South Carolina
(33.99855000018255, -81.0452500001872)"
1996,South Dakota,17.90%,2.80%,25.20%,54.10%,"South Dakota
(44.353130000049646, -100.37353000040906)"
2009,New Hampshire,11.30%,4.50%,29.40%,54.90%,"New Hampshire
(43.65595000019255, -71.50036000041354)"
2009,Wisconsin,12.60%,6.10%,26.90%,54.30%,"Wisconsin
(44.39319000021851, -89.81636999977553)"
2000,West Virginia,23.10%,3%,25.30%,48.50%,"West Virginia
(38.66550999958696, -80.71263999973604)"
2006,Kentucky,24.30%,4.30%,24.30%,47.20%,"Kentucky
(37.645969999815804, -84.77496999996538)"
2008,South Carolina,14.40%,5.60%,25.20%,54.70%,"South Carolina
(33.99855000018255, -81.0452500001872)"
2006,California,9.40%,5.50%,24.20%,60.80%,"California
(37.638300000444815, -120.99958999997835)"
2003,Maine,19.70%,3.90%,31.10%,45.20%,"Maine
(45.25423000041434, -68.9850299999344)"
1997,Kentucky,27.60%,3.10%,23.50%,45.80%,"Kentucky
(37.645969999815804, -84.77496999996538)"
2008,Washington,11.70%,4%,26.70%,57.60%,"Washington
(47.522280000022135, -120.47001000026114)"
1995,Tennessee,24.20%,1.90%,19.80%,54.10%,"Tennessee
(35.68094000038087, -85.77449000011325)"
1997,Utah,11.10%,2.60%,17.20%,69%,"Utah
(39.36070000030492, -111.58712999994941)"
2003,Kansas,16.30%,4.10%,23%,56.60%,"Kansas
(38.34774000000118, -98.20077999969709)"
1998,Kansas,17.40%,3.70%,21.80%,57.10%,"Kansas
(38.34774000000118, -98.20077999969709)"
1997,Delaware,22.30%,4.30%,26.50%,46.90%,"Delaware
(39.00883000020451, -75.57774000040052)"
2006,New Jersey,12.30%,5.70%,24.10%,57.90%,"New Jersey
(40.13056999960594, -74.2736899996936)"
2001,Virginia,17.90%,4.70%,24.70%,52.80%,"Virginia
(37.54268000028196, -78.45789000012326)"
1997,North Dakota,19.70%,2.60%,24.40%,53.30%,"North Dakota
(47.475320000018144, -100.11841999998285)"
1998,Idaho,15.80%,4.50%,25.20%,54.60%,"Idaho
(43.682590000228515, -114.36368000023168)"
2005,Kentucky,23.50%,5.20%,24%,47.30%,"Kentucky
(37.645969999815804, -84.77496999996538)"
1996,South Carolina,21.40%,3%,20.20%,55.30%,"South Carolina
(33.99855000018255, -81.0452500001872)"
2005,Virginia,15.30%,5.30%,24.10%,55.20%,"Virginia
(37.54268000028196, -78.45789000012326)"
2009,Nevada,15.80%,6.30%,26.50%,51.40%,"Nevada
(39.49323999972637, -117.07183999971608)"
1998,South Dakota,22%,5.20%,20.40%,52.40%,"South Dakota
(44.353130000049646, -100.37353000040906)"
2002,New York,16.90%,5.40%,25%,52.70%,"New York
(42.82699999955048, -75.54396999981549)"
2002,Rhode Island,17.50%,4.90%,29.60%,48%,"Rhode Island
(41.70828000002217, -71.5224700001902)"
1996,District of Columbia,14.90%,5.60%,17.80%,61.70%,"District of Columbia
(38.89036999987576, -77.03195999965413)"
2001,South Carolina,19.30%,6.70%,21.30%,52.60%,"South Carolina
(33.99855000018255, -81.0452500001872)"
2007,Florida,14.30%,5%,26.20%,54.50%,"Florida
(28.932039999846268, -81.9289599999039)"
2000,Nebraska,16.50%,4.80%,24.30%,54.50%,"Nebraska
(41.6410400000961, -99.36572999973953)"
2001,Georgia,17.50%,6.10%,21.20%,55.10%,"Georgia
(32.83967999993223, -83.62758000031658)"
1998,"Nationwide (States, DC, and Territories)",18.50%,4.60%,24.30%,52.20%,
1996,Rhode Island,17.80%,4.70%,27.10%,50.40%,"Rhode Island
(41.70828000002217, -71.5224700001902)"
2005,Arkansas,18.10%,5.40%,24.90%,51.60%,"Arkansas
(34.748649999697875, -92.27448999971358)"
1995,North Carolina,23%,2.70%,22.60%,51.60%,"North Carolina
(35.46624999963797, -79.1593199999179)"
2007,Mississippi,18.50%,5.40%,21.20%,54.80%,"Mississippi
(32.7455100000866, -89.53803000008429)"
1999,Delaware,20.70%,4.80%,23.90%,50.60%,"Delaware
(39.00883000020451, -75.57774000040052)"
2004,Louisiana,16.90%,6.60%,20%,56.50%,"Louisiana
(31.31265999975932, -92.44567999993188)"
2003,New York,16.50%,5.10%,25.40%,53%,"New York
(42.82699999955048, -75.54396999981549)"
1995,California,12.70%,2.50%,28.20%,56.70%,"California
(37.638300000444815, -120.99958999997835)"
2005,Idaho,13.30%,4.60%,22.70%,59.30%,"Idaho
(43.682590000228515, -114.36368000023168)"
2002,Kentucky,29.10%,3.50%,22%,45.50%,"Kentucky
(37.645969999815804, -84.77496999996538)"
2010,Nebraska,12.50%,4.70%,25.20%,57.60%,"Nebraska
(41.6410400000961, -99.36572999973953)"
2009,Montana,12.20%,4.60%,26.40%,56.80%,"Montana
(47.06653000015956, -109.42441999998289)"
2009,Oregon,13.10%,4.70%,27.60%,54.50%,"Oregon
(44.567449999917756, -120.15502999983448)"
2002,Louisiana,19%,4.90%,19.20%,57%,"Louisiana
(31.31265999975932, -92.44567999993188)"
2008,New Jersey,10.70%,4.10%,24.30%,60.90%,"New Jersey
(40.13056999960594, -74.2736899996936)"
1997,West Virginia,24.50%,2.90%,24.30%,48.20%,"West Virginia
(38.66550999958696, -80.71263999973604)"
2001,Texas,15.50%,6.90%,20.70%,56.90%,"Texas
(31.82724000022597, -99.42676999973554)"
2007,Vermont,13.80%,3.80%,30.70%,51.70%,"Vermont
(43.625379999687425, -72.51764000028561)"
1999,New Hampshire,18%,4.30%,29%,48.70%,"New Hampshire
(43.65595000019255, -71.50036000041354)"
1998,Kentucky,28%,2.80%,22.90%,46.30%,"Kentucky
(37.645969999815804, -84.77496999996538)"
2006,Florida,16%,5.10%,26.10%,52.90%,"Florida
(28.932039999846268, -81.9289599999039)"
2000,Colorado,15%,5%,26.20%,53.80%,"Colorado
(38.842890000173554, -106.13314000041055)"
2007,Wisconsin,14.60%,5%,25.90%,54.50%,"Wisconsin
(44.39319000021851, -89.81636999977553)"
2008,New Mexico,12.80%,6.60%,24.90%,55.70%,"New Mexico
(34.52088000011207, -106.24057999976702)"
1998,Louisiana,20.50%,5%,19.80%,54.70%,"Louisiana
(31.31265999975932, -92.44567999993188)"
2002,Texas,16.60%,6.20%,20.90%,56.20%,"Texas
(31.82724000022597, -99.42676999973554)"
2004,South Dakota,14.10%,6.30%,23.60%,56%,"South Dakota
(44.353130000049646, -100.37353000040906)"
1998,Iowa,18.30%,5.10%,23.70%,53%,"Iowa
(42.469390000048634, -93.81649000001335)"
2003,Alaska,19.30%,7%,26.10%,47.70%,"Alaska
(64.84507999974238, -147.72205999986895)"
2002,New Hampshire,18.60%,4.60%,30.20%,46.60%,"New Hampshire
(43.65595000019255, -71.50036000041354)"
2002,District of Columbia,13.40%,7%,20.40%,59.20%,"District of Columbia
(38.89036999987576, -77.03195999965413)"
2010,North Dakota,12.20%,5.10%,24.10%,58.60%,"North Dakota
(47.475320000018144, -100.11841999998285)"
2005,Maryland,13.40%,5.50%,22.90%,58.30%,"Maryland
(39.29057999976732, -76.6092600004485)"
2000,Vermont,16.50%,4.90%,30%,48.50%,"Vermont
(43.625379999687425, -72.51764000028561)"
2005,Florida,15.20%,6.50%,26.70%,51.60%,"Florida
(28.932039999846268, -81.9289599999039)"
2002,Wisconsin,18.50%,4.90%,27.30%,49.40%,"Wisconsin
(44.39319000021851, -89.81636999977553)"
2001,New Hampshire,19%,5.10%,28.80%,47.10%,"New Hampshire
(43.65595000019255, -71.50036000041354)"
2001,Pennsylvania,18.90%,5.60%,24.20%,51.30%,"Pennsylvania
(40.79372999993973, -77.86069999960512)"
2010,District of Columbia,10%,5.70%,23.40%,61%,"District of Columbia
(38.89036999987576, -77.03195999965413)"
2000,Maryland,15.20%,5.30%,23.50%,56%,"Maryland
(39.29057999976732, -76.6092600004485)"
2007,Wyoming,17.50%,4.60%,24.80%,53.10%,"Wyoming
(43.23553999957147, -108.10982999975454)"
1996,Kansas,18.60%,3.50%,19.50%,58.40%,"Kansas
(38.34774000000118, -98.20077999969709)"
1999,Maine,19.80%,3.50%,29.50%,47.20%,"Maine
(45.25423000041434, -68.9850299999344)"
1997,Kansas,18.30%,4.30%,19.40%,58%,"Kansas
(38.34774000000118, -98.20077999969709)"
2010,South Dakota,11.30%,4.10%,27%,57.60%,"South Dakota
(44.353130000049646, -100.37353000040906)"
1996,New Hampshire,20.60%,4.20%,29.10%,46.10%,"New Hampshire
(43.65595000019255, -71.50036000041354)"
2000,Montana,15.90%,2.90%,29.80%,51.40%,"Montana
(47.06653000015956, -109.42441999998289)"
2004,Idaho,13.40%,4.10%,23.40%,59.20%,"Idaho
(43.682590000228515, -114.36368000023168)"
1996,Indiana,24.90%,3.70%,23.70%,47.60%,"Indiana
(39.76690999989677, -86.14996000035359)"
2006,Alabama,17.60%,5.50%,23.40%,53.50%,"Alabama
(32.840569999605975, -86.63186000013877)"
2006,Idaho,12.90%,3.90%,23%,60.20%,"Idaho
(43.682590000228515, -114.36368000023168)"
1999,New Jersey,14.60%,6%,21.30%,58.10%,"New Jersey
(40.13056999960594, -74.2736899996936)"
2010,Mississippi,17.10%,5.80%,22%,55%,"Mississippi
(32.7455100000866, -89.53803000008429)"
2001,Ohio,21.90%,5.80%,23.40%,49%,"Ohio
(40.06020999969189, -82.40426000019869)"
2007,Connecticut,11.30%,4.10%,30.50%,54.10%,"Connecticut
(41.56265999995918, -72.6498400002157)"
2001,Nevada,20.80%,6.10%,26.20%,46.90%,"Nevada
(39.49323999972637, -117.07183999971608)"
2000,New Mexico,16.90%,6.60%,25.80%,50.60%,"New Mexico
(34.52088000011207, -106.24057999976702)"
2010,Montana,13.50%,5.30%,27.20%,54%,"Montana
(47.06653000015956, -109.42441999998289)"
1999,Mississippi,18.50%,4.40%,20.30%,56.80%,"Mississippi
(32.7455100000866, -89.53803000008429)"
2006,Maine,15.90%,5%,30.40%,48.70%,"Maine
(45.25423000041434, -68.9850299999344)"
2005,Utah,8.50%,3%,16%,72.50%,"Utah
(39.36070000030492, -111.58712999994941)"
2006,Georgia,14.10%,5.80%,21.20%,58.80%,"Georgia
(32.83967999993223, -83.62758000031658)"
2010,Kentucky,19.30%,5.50%,26%,49.20%,"Kentucky
(37.645969999815804, -84.77496999996538)"
1997,Minnesota,16.70%,5.20%,22.40%,55.70%,"Minnesota
(46.3556499998478, -94.79419999982997)"
1999,Alaska,19.20%,8.10%,25.70%,47%,"Alaska
(64.84507999974238, -147.72205999986895)"
2010,Maryland,10.50%,4.70%,23.90%,60.90%,"Maryland
(39.29057999976732, -76.6092600004485)"
2007,Minnesota,12.40%,4.10%,27.60%,55.90%,"Minnesota
(46.3556499998478, -94.79419999982997)"
1998,Alaska,19.80%,6.30%,25.40%,48.40%,"Alaska
(64.84507999974238, -147.72205999986895)"
1996,Hawaii,18.30%,4%,24.10%,53.70%,"Hawaii
(21.304850000427336, -157.85774999956269)"
2002,Oklahoma,21.80%,4.80%,21.80%,51.60%,"Oklahoma
(35.4720099999617, -97.52034999975251)"
2005,Wyoming,16.30%,5.10%,26.70%,51.90%,"Wyoming
(43.23553999957147, -108.10982999975454)"
2002,Pennsylvania,19.50%,5.10%,25.70%,49.70%,"Pennsylvania
(40.79372999993973, -77.86069999960512)"
1997,Arizona,18.40%,2.70%,13.60%,65.30%,"Arizona
(34.86596999961597, -111.76380999973156)"
2009,West Virginia,20.70%,4.90%,24.50%,49.90%,"West Virginia
(38.66550999958696, -80.71263999973604)"
2008,West Virginia,21.50%,5.10%,25.40%,48.10%,"West Virginia
(38.66550999958696, -80.71263999973604)"
2003,Michigan,20.70%,5.40%,25.80%,48.10%,"Michigan
(44.661320000317914, -84.71438999959867)"
2009,Connecticut,10.70%,4.70%,28.20%,56.30%,"Connecticut
(41.56265999995918, -72.6498400002157)"
1998,District of Columbia,15.10%,6.60%,17%,61.30%,"District of Columbia
(38.89036999987576, -77.03195999965413)"
2007,California,8.80%,5.50%,22.90%,62.80%,"California
(37.638300000444815, -120.99958999997835)"
2006,Vermont,14%,4%,30.90%,51.10%,"Vermont
(43.625379999687425, -72.51764000028561)"
2010,"Nationwide (States, DC, and Territories)",12.30%,4.80%,24.70%,56.80%,
2010,Nationwide (States and DC),12.40%,4.80%,25.10%,56.60%,
2009,"Nationwide (States, DC, and Territories)",12.70%,5%,25.50%,55.50%,
2009,Nationwide (States and DC),12.80%,5%,25.50%,55.30%,
2008,"Nationwide (States, DC, and Territories)",13.40%,4.90%,25.10%,55.50%,
2008,Nationwide (States and DC),13.40%,4.90%,25.20%,55.40%,
2007,"Nationwide (States, DC, and Territories)",14.50%,5.20%,24.40%,54.90%,
2007,Nationwide (States and DC),14.50%,5.20%,24.60%,54.80%,
2006,"Nationwide (States, DC, and Territories)",14.70%,5.10%,24.50%,54.50%,
2006,Nationwide (States and DC),14.90%,5.10%,24.70%,54.30%,
2005,"Nationwide (States, DC, and Territories)",15.30%,5.20%,24.40%,54.10%,
2005,Nationwide (States and DC),15.30%,5.30%,24.80%,54%,
2004,"Nationwide (States, DC, and Territories)",15.60%,5.40%,24%,55%,
2004,Nationwide (States and DC),15.80%,5.40%,24.10%,54.60%,
2003,"Nationwide (States, DC, and Territories)",16.70%,5.10%,25.20%,52.10%,
2003,Nationwide (States and DC),16.90%,5.10%,25.20%,52%,
2002,"Nationwide (States, DC, and Territories)",17.80%,5%,24.40%,52.30%,
2002,Nationwide (States and DC),17.80%,5%,24.70%,52%,
2001,"Nationwide (States, DC, and Territories)",17.40%,5.60%,24.70%,51.80%,
2001,Nationwide (States and DC),17.40%,5.70%,24.70%,51.30%,
2000,"Nationwide (States, DC, and Territories)",17.60%,5.10%,24.30%,52.60%,
2000,Nationwide (States and DC),17.70%,5.10%,24.30%,52.30%,
1999,"Nationwide (States, DC, and Territories)",18%,4.80%,24%,52.50%,
1999,Nationwide (States and DC),18%,4.80%,24%,52.40%,
1998,Nationwide (States and DC),18.50%,4.50%,24.30%,52%,
1997,"Nationwide (States, DC, and Territories)",19.10%,4.30%,24.30%,52.10%,
1997,Nationwide (States and DC),19.10%,4.30%,24.30%,51.90%,
1996,"Nationwide (States, DC, and Territories)",19.50%,4%,23.80%,52.20%,
1996,Nationwide (States and DC),19.60%,4%,24%,52%,
1995,"Nationwide (States, DC, and Territories)",19.90%,2.60%,25.30%,51.60%,
1995,Nationwide (States and DC),19.90%,2.60%,25.30%,51.60%,
2010,Guam,19.70%,6.10%,16.60%,57.60%,"(13.45, 144.7833)"
2009,Guam,18.90%,5.20%,11.10%,64.80%,"(13.45, 144.7833)"
2010,Virgin Islands,3.60%,2.20%,10.50%,83.70%,"(18.3333, -64.8333)"
2009,Virgin Islands,3.90%,2.60%,11.10%,82.50%,"(18.3333, -64.8333)"
